name,name2
albsjyj,阿拉伯世界研究
ahdxxb-zxshkxb,安徽大学学报. 哲学社会科学版
ahdxxb-zrkxb,安徽大学学报. 自然科学版
ahnydxxb,安徽农业大学学报
ahsfdxxb-rwshkxb,安徽师范大学学报. 人文社会科学版
ahsfdxxb-zrkxb,安徽师范大学学报. 自然科学版
ahsx,安徽史学
ahykdxxb,安徽医科大学学报
aqyhjgc,安全与环境工程
aqyhjxb,安全与环境学报
bdtgd,半导体光电
bdtjs,半导体技术
bys,半月谈
bzgc,包装工程
bxyj,保险研究
bp,爆破
bpqc,爆破器材
bzycj,爆炸与冲击
bflc,北方论丛
bfww,北方文物
bfyy,北方园艺
bjdxjypl,北京大学教育评论
bjdxxb-yxb,北京大学学报. 医学版
bjdxxb-zxshkxb,北京大学学报. 哲学社会科学版
bjdxxb-zrkxb,北京大学学报. 自然科学版
bjda,北京档案
bjdyxyxb,北京电影学院学报
bjgsdxxb-shkxb,北京工商大学学报. 社会科学版
bjgydxxb,北京工业大学学报
bjhkhtdxxb,北京航空航天大学学报
bjhgdxxb-zrkxb,北京化工大学学报. 自然科学版
bjjtdxxb,北京交通大学学报
bjkjdxxb,北京科技大学学报
bjlgdxxb,北京理工大学学报
bjlydxxb,北京林业大学学报
bjshkx,北京社会科学
bjsfdxxb-shkxb,北京师范大学学报. 社会科学版
bjsfdxxb-zrkxb,北京师范大学学报. 自然科学版
bjtydxxb,北京体育大学学报
bjwx,北京文学. 原创
bjwdxyxb,北京舞蹈学院学报
bjxzxyxb,北京行政学院学报
bjyddxxb,北京邮电大学学报
bjzyydxxb,北京中医药大学学报
bjfyj,比较法研究
bjjyyj,比较教育研究
bjxb,编辑学报
bjxk,编辑学刊
bjzy,编辑之友
byq,变压器
bmjs,表面技术
bcdt,冰川冻土
bgxb,兵工学报
bqclkxygc,兵器材料科学与工程
bdxb,病毒学报
bpxzz,波谱学杂志
blg/fhcl,玻璃钢/复合材料
clbh,材料保护
cldbfwcldb-Akzsphcldb-Bkyjp,材料导报（分为：《材料导报. A刊，综述篇》和《材料导报. B刊，研究篇》）
clgc,材料工程
clkxygcxb,材料科学与工程学报
clkxygy,材料科学与工艺
clrclxb,材料热处理学报
clyjxb,材料研究学报
clyyjxb,材料与冶金学报
cjkx,财经科学
cjllysj,财经理论与实践
cjlc,财经论丛
cjwtyj,财经问题研究
cjyj,财经研究
chtx-zh,财会通讯. 综合
chyk,财会月刊
cmjj,财贸经济
cmyj,财贸研究
cwyhj-zhbgmwcwyhj,财务与会计. 综合版（改名为：财务与会计）
czyj,财政研究
ckyaqgcxb,采矿与安全工程学报
cykx,蚕业科学
cdxb,草地学报
cykx,草业科学
cyxb,草业学报
chkx,测绘科学
chkxjsxb,测绘科学技术学报
chtb,测绘通报
chxb,测绘学报
cjjs,测井技术
ckjs,测控技术
cykx,茶叶科学
cyjjyj,产业经济研究
cadxxb-zrkxb,长安大学学报. 自然科学版 
cc,长城
cjkxyyb,长江科学院院报
cjlyzyyhj,长江流域资源与环境
cjwy,长江文艺
cwycnyy,肠外与肠内营养
cyfdj,车用发动机
cjxb,沉积学报
cdlgdxxb-zrkxb,成都理工大学学报. 自然科学版
cdtyxyxb,成都体育学院学报
csfzyj,城市发展研究
csgh,城市规划
csghxk,城市规划学刊
csgdjtyj,城市轨道交通研究
cswt,城市问题
zqdxxb,重庆大学学报
zqdxxb-shkxb,重庆大学学报. 社会科学版
zqjzdxxbgmwtmjzyhjgc,重庆建筑大学学报（改名为：土木建筑与环境工程）
zqjtdxxb-zrkxb,重庆交通大学学报. 自然科学版
zqsfdxxb-zrkxb,重庆师范大学学报. 自然科学版
zqykdxxb,重庆医科大学学报
zqyx,重庆医学
zqyddxxb-zrkxb,重庆邮电大学学报. 自然科学版
cbfxyj,出版发行研究
cbgj,出版广角
cbkx,出版科学
cgjsxb,传感技术学报
cgqywxt,传感器与微系统
cm,传媒
cbgc,船舶工程
cblx,船舶力学
csyj,辞书研究
cxcljqj,磁性材料及器件
chxb,催化学报
ddclydqdlx,大地测量与地球动力学
ddgzyckx,大地构造与成矿学
ddjjs,大电机技术
ddkx,大豆科学
dlgydxxb,大连工业大学学报
dlhsdxxb,大连海事大学学报
dllgdxxb,大连理工大学学报
dlscxyxbgmwdlhydxxb,大连水产学院学报（改名为：大连海洋大学学报）
dqkx,大气科学
dqsydzykf,大庆石油地质与开发
dqsyxyxb,大庆石油学院学报
dws,大舞台
dxcbgmwxdcb,大学出版（改名为：现代出版）
dxjykx,大学教育科学
dxtsgxb,大学图书馆学报
dxwl,大学物理
dsyy,淡水渔业
ddxb,弹道学报
djyzdxb,弹箭与制导学报
dd,当代
ddcj,当代财经
ddcb,当代传播
ddds,当代电视
dddy,当代电影
ddfx,当代法学
ddjykx,当代教育科学
ddjjkx,当代经济科学
ddjjyj,当代经济研究
ddsjshzywt,当代世界社会主义问题
ddsjyshzy,当代世界与社会主义
ddwgwx,当代外国文学
ddws,当代文坛
ddys,当代亚太
ddyyx,当代语言学
ddzgsyj,当代中国史研究
ddzjpl,当代作家评论
ddwx,党的文献
djyj,党建研究
dsyjyjx,党史研究与教学
dagl,档案管理
daxtx,档案学通讯
daxyj,档案学研究
dayjs,档案与建设
ddyhtyzjs,导弹与航天运载技术
ddywm,道德与文明
dgyj,德国研究
dwgc,低温工程
dwwlxb,低温物理学报
dwycd,低温与超导
dcxzz,地层学杂志
dfczyj,地方财政研究
dlkx,地理科学
dlkxjz,地理科学进展
dlxb,地理学报
dlyj,地理研究
dlydlxxkx,地理与地理信息科学
dqhx,地球化学
dqkx,地球科学
dqkxjz,地球科学进展
dqwlxb,地球物理学报
dqwlxjz,地球物理学进展
dqxxkxgmwdqxxkxxb,地球信息科学（改名为：地球信息科学学报）
dqxb,地球学报
dqyhj,地球与环境
dxkjygcxb,地下空间与工程学报
dxqy,地学前缘
dyyjykf,地域研究与开发
dz,地震
dzdz,地震地质
dzgcygczd,地震工程与工程振动
dzxb,地震学报
dzyj,地震研究
dzkjqb,地质科技情报
dzkx,地质科学
dzlp,地质论评
dztb,地质通报
dzxb,地质学报
dzyks,地质与勘探
dejydxxb,第二军医大学学报
dsjydxxb,第三军医大学学报
dsjyj,第四纪研究
dsjydxxbgmwyxzm,第四军医大学学报（改名为：医学争鸣）
dbkxxb,电波科学学报
dcyyb,电测与仪表
dc,电池
dcblq,电瓷避雷器
ddyhb,电镀与环保
ddyjs,电镀与精饰
ddyts,电镀与涂饰
dgdnxjs,电工电能新技术
dgjsxb,电工技术学报
dgykz,电光与控制
dhj,电焊机
dhjyyj,电化教育研究
dhx,电化学
djykzxb,电机与控制学报
djykzyy,电机与控制应用
dldzjs,电力电子技术
dlxtbhykz,电力系统保护与控制
dlxtjqzdhxb,电力系统及其自动化学报
dlxtzdh,电力系统自动化
dlzdhsb,电力自动化设备
dlyxtxb,电路与系统学报
dqcd,电气传动
dqyy,电气应用
dsjs,电视技术
dsyj,电视研究
dwjs,电网技术
dxkx,电信科学
dxjs,电讯技术
dywx,电影文学
dyxz,电影新作
dyys,电影艺术
dyjs,电源技术
dzxtgc,电站系统工程
dzjsyy,电子技术应用
dzkjdxxb,电子科技大学学报
dzqj,电子器件
dzxb,电子学报
dzyxxxb,电子与信息学报
dzyjycl,电子元件与材料
dysj,调研世界
dbdxxb-shkxb,东北大学学报. 社会科学版
dbdxxb-zrkxb,东北大学学报. 自然科学版
dblydxxb,东北林业大学学报
dbnydxxb,东北农业大学学报
dbsdxb-zxshkxb,东北师大学报. 哲学社会科学版
dbsdxb-zrkxb,东北师大学报. 自然科学版
dbyls,东北亚论坛
dhdxxb-zrkxb,东华大学学报. 自然科学版
djxk,东疆学刊
dndxxb-zxshkxb,东南大学学报. 哲学社会科学版
dndxxb-zrkxb,东南大学学报. 自然科学版
dnwh,东南文化
dnxs,东南学术
dnyyj,东南亚研究
dylc,东岳论丛
dlgcgmwdlgcxb,动力工程（改名为：动力工程学报）
dwflxb,动物分类学报
dwxyj,动物学研究
dwxzz,动物学杂志
dwyxjz,动物医学进展
dwyyxb,动物营养学报
dskgjt,都市快轨交通
dlxzz,毒理学杂志
ds,读书
dpxs-yczpb,短篇小说. 原创作品版
dyjs,锻压技术
dwjmsw,对外经贸实务
dhxjk,敦煌学辑刊
dhyj,敦煌研究
elswy,俄罗斯文艺
elsyj,俄罗斯研究
elszydoyj,俄罗斯中亚东欧研究
fgxb,发光学报
flkx,法律科学
flsy,法律适用
fsyj,法商研究
fx,法学
fxj,法学家
fxls,法学论坛
fxpl,法学评论
fxyj,法学研究
fxzz,法学杂志
fy,法音
fzyshfz,法制与社会发展
fy,方言
fzjzgcxb,防灾减灾工程学报
fzdb,纺织导报
fzxb,纺织学报
fhdd,飞航导弹
fxlx,飞行力学
fjsk,非金属矿
fxcsxb,分析测试学报
fxhx,分析化学
fxkxxb,分析科学学报
fxsys,分析试验室
fzch,分子催化
fzkxxb,分子科学学报
fzzwyz,分子植物育种
fmyjclkxygc,粉末冶金材料科学与工程
fmyjgy,粉末冶金工业
fmyjjs,粉末冶金技术
r,芙蓉
fjlxyxb,福建林学院学报
fjlykj,福建林业科技
fjls-rwshkxb,福建论坛. 人文社会科学版
fjnldxxb-zrkxb,福建农林大学学报. 自然科学版
fjsfdxxb-zxshkxb,福建师范大学学报. 哲学社会科学版
fjsfdxxb-zrkxb,福建师范大学学报. 自然科学版
fzdxxb-zxshkxb,福州大学学报. 哲学社会科学版
fzdxxb-zrkxb,福州大学学报. 自然科学版
fsfh,辐射防护
fskxyfhjs,腐蚀科学与防护技术
fsyfh,腐蚀与防护
fnyjlc,妇女研究论丛
fdjyls,复旦教育论坛
fdxb-shkxb,复旦学报. 社会科学版
fdxb-yxb,复旦学报. 医学版
fdxb-zrkxb,复旦学报. 自然科学版
fhclxb,复合材料学报
fzxtyfzxkx,复杂系统与复杂性科学
gg,改革
ghdqnyyj,干旱地区农业研究
ghqdl,干旱区地理
ghqyj,干旱区研究
ghqzyyhj,干旱区资源与环境
gsnydxxb,甘肃农业大学学报
gsshkx,甘肃社会科学
gszfxyxb,甘肃政法学院学报
gt,钢铁
gtf,钢铁钒钛
gtyjxb,钢铁研究学报
gdgcjyyj,高等工程教育研究
gdjyyj,高等教育研究
gdnyjy,高等农业教育
gdxxhxxb,高等学校化学学报
gdxxjssxxb,高等学校计算数学学报
gdyjs,高电压技术
gfzclkxygc,高分子材料科学与工程
gfztb,高分子通报
gfzxb,高分子学报
gjstx,高技术通讯
gjss,高教探索
gxdzxb,高校地质学报
gxhxgcxb,高校化学工程学报
gxllzx,高校理论战线
gxyysxxb-Aj,高校应用数学学报. A辑
gydq,高压电器
gywlxb,高压物理学报
gyqx,高原气象
gcbp,工程爆破
gcdzxb,工程地质学报
gckzyjggz,工程抗震与加固改造
gclx,工程力学
gcrwlxb,工程热物理学报
gcsjxb,工程设计学报
gcsxxb,工程数学学报
gcslyy,工程塑料应用
gctxxb,工程图学学报
gkzdh,工矿自动化
gyaqyhb,工业安全与环保
gygc,工业工程
gygcygl,工业工程与管理
gyjsjj,工业技术经济
gyjz,工业建筑
gyscl,工业水处理
gywsyzyb,工业卫生与职业病
ggglxb,公共管理学报
gl,公路
glgc,公路工程
gljtkj,公路交通科技
gncl,功能材料
gnclyqjxb,功能材料与器件学报
gngfzxb,功能高分子学报
gdlxb,古地理学报
ghyyj,古汉语研究
gjzlyjxk,古籍整理研究学刊
gjzdwxb,古脊椎动物学报
gswxb,古生物学报
gtdzxyjyjz,固体电子学研究与进展
gthjjs,固体火箭技术
gtlxxb,固体力学学报
ggbwyyk,故宫博物院院刊
glgcxb,管理工程学报
glkx,管理科学
glkxxb,管理科学学报
glpl,管理评论
glsj,管理世界
glxdh,管理现代化
glxb,管理学报
ggpsxb,灌溉排水学报
gdgc,光电工程
gdzjg,光电子、激光
gdzjs,光电子技术
gpxygpfx,光谱学与光谱分析
gssxb,光散射学报
gtxjs,光通信技术
gtxyj,光通信研究
gxjs,光学技术
gxjmgc,光学精密工程
gxxb,光学学报
gzxb,光子学报
gdjrxyxb,广东金融学院学报
gdnykx,广东农业科学
gdsxyxb,广东商学院学报
gdshkx,广东社会科学
gdxzxyxb,广东行政学院学报
gdyx,广东医学
gxdxxb-zrkxb,广西大学学报. 自然科学版
gxmzdxxb-zxshkxb,广西民族大学学报. 哲学社会科学版
gxmzyj,广西民族研究
gxnykxgmwnfnyxb,广西农业科学（改名为：南方农业学报）
gxnyswkxgmwjyzxyyyswx,广西农业生物科学（改名为：基因组学与应用生物学）
gxshkx,广西社会科学
gxsfdxxb-zxshkxb,广西师范大学学报. 哲学社会科学版
gxsfdxxb-zrkxb,广西师范大学学报. 自然科学版
gxzw,广西植物
gztyxyxb,广州体育学院学报
gzzyydxxb,广州中医药大学学报
ghs,规划师
gsytb,硅酸盐通报
gsyxb,硅酸盐学报
gjs,贵金属
gzcjxyxb,贵州财经学院学报
gzmzyj,贵州民族研究
gznykx,贵州农业科学
gzshkx,贵州社会科学
glgxyxbgmwgllgdxxb,桂林工学院学报（改名为：桂林理工大学学报）
gljs,锅炉技术
gfkjdxxb,国防科技大学学报
gjcsgh,国际城市规划
gjgc,国际观察
gjjryj,国际金融研究
gjjjhz,国际经济合作
gjjjpl,国际经济评论
gjjmss,国际经贸探索
gjls,国际论坛
gjmy,国际贸易
gjmywt,国际贸易问题
gjnxgbzz,国际脑血管病杂志
gjnfmdxzz,国际内分泌代谢杂志
gjsw,国际商务
gjswyj,国际商务研究
gjwtyj,国际问题研究
gjxwj,国际新闻界
gjzzyj,国际政治研究
gjjcgxyxb,国家检察官学院学报
gjjyxzxyxb,国家教育行政学院学报
gjtsgxk,国家图书馆学刊
gjxzxyxb,国家行政学院学报
gtzykjgl,国土资源科技管理
gtzyyg,国土资源遥感
gwllds,国外理论动态
gwshkx,国外社会科学
gwwx,国外文学
gwyx-wsxfcgmwhjwsxzz,国外医学. 卫生学分册（改名为：环境卫生学杂志）
gsxb,果树学报
gcgcxb,过程工程学报
hebgcdxxb,哈尔滨工程大学学报
hebgydxxb,哈尔滨工业大学学报
hebykdxxb,哈尔滨医科大学学报
hjgcdxxb,海军工程大学学报
hxyqdz,海相油气地质
hydzydsjdz,海洋地质与第四纪地质
hygc,海洋工程
hyhztb,海洋湖沼通报
hyhjkx,海洋环境科学
hyjs,海洋技术
hykx,海洋科学
hykxjz,海洋科学进展
hyscyjgmwyykxjz,海洋水产研究（改名为：渔业科学进展）
hytb,海洋通报
hyxb,海洋学报
hyxyj,海洋学研究
hyyy,海洋渔业
hyyhz,海洋与湖沼
hyyb,海洋预报
hncl,含能材料
hyxb,汉语学报
hyxx,汉语学习
hj,焊接
hjjs,焊接技术
hjxb,焊接学报
hzsfdxxb-shkxb,杭州师范大学学报. 社会科学版
hhjs,航海技术
hkclxb,航空材料学报
hkdlxb,航空动力学报
hkxb,航空学报
hkzzjs,航空制造技术
htkz,航天控制
htyxyyxgc,航天医学与医学工程
hchx,合成化学
hcszjsl,合成树脂及塑料
hcxwgy,合成纤维工业
hcxjgy,合成橡胶工业
hfgydxxb-zrkxb,合肥工业大学学报. 自然科学版
hbdxxb-zxshkxb,河北大学学报. 哲学社会科学版
hbdxxb-zrkxb,河北大学学报. 自然科学版
hbfx,河北法学
hbgydxxb,河北工业大学学报
hbjmdxxb,河北经贸大学学报
hbnydxxb,河北农业大学学报
hbsfdxxb-jykxb,河北师范大学学报. 教育科学版
hbsfdxxb-zxshkxb,河北师范大学学报. 哲学社会科学版
hbsfdxxb-zrkxb,河北师范大学学报. 自然科学版
hbxk,河北学刊
hhdxxb-zrkxb,河海大学学报. 自然科学版
hndxxb-shkxb,河南大学学报. 社会科学版
hndxxb-zrkxb,河南大学学报. 自然科学版
hngydxxb-zrkxb,河南工业大学学报. 自然科学版
hnjrglgbxyxbgmwzx,河南金融管理干部学院学报（改名为：征信）
hnkjdxxb-zrkxb,河南科技大学学报. 自然科学版
hnlgdxxb-zrkxb,河南理工大学学报. 自然科学版
hnnydxxb,河南农业大学学报
hnnykx,河南农业科学
hnshkx,河南社会科学
hnszfglgbxyxb,河南省政法管理干部学院学报
hnsfdxxb-zxshkxb,河南师范大学学报. 哲学社会科学版
hnsfdxxb-zrkxb,河南师范大学学报. 自然科学版
hdzxyscjs,核电子学与探测技术
hdlgc,核动力工程
hhxyfshx,核化学与放射化学
hjs,核技术
hjbydlztwl,核聚变与等离子体物理
hkxygc,核科学与工程
hnxb,核农学报
hljdxzrkxxb,黑龙江大学自然科学学报
hljgjyj,黑龙江高教研究
hljmzck,黑龙江民族丛刊
hljxmsy,黑龙江畜牧兽医
hlmxk,红楼梦学刊
hwjs,红外技术
hwyhmbxb,红外与毫米波学报
hwyjggc,红外与激光工程
hgjjgl,宏观经济管理
hgjjyj,宏观经济研究
hbdxxb-zxshkxb,湖北大学学报. 哲学社会科学版
hbnykx,湖北农业科学
hbshkx,湖北社会科学
hndxxb-shkxb,湖南大学学报. 社会科学版
hndxxb-zrkxb,湖南大学学报. 自然科学版
hnkjdxxb-shkxb,湖南科技大学学报. 社会科学版
hnkjdxxb-zrkxb,湖南科技大学学报. 自然科学版
hnnydxxb,湖南农业大学学报
hnshkx,湖南社会科学
hnsfdxjykxxb,湖南师范大学教育科学学报
hnsfdxshkxxb,湖南师范大学社会科学学报
hnsfdxzrkxxb,湖南师范大学自然科学学报
hbkx,湖泊科学
hc,花城
hbdldxxb-zrkxb,华北电力大学学报. 自然科学版
hbnxb,华北农学报
hddl,华东电力
hdlgdxxb-zrkxb,华东理工大学学报. 自然科学版
hdsfdxxb-jykxb,华东师范大学学报. 教育科学版
hdsfdxxb-zxshkxb,华东师范大学学报. 哲学社会科学版
hdsfdxxb-zrkxb,华东师范大学学报. 自然科学版
hdzfdxxb,华东政法大学学报
hnlgdxxb-zrkxb,华南理工大学学报. 自然科学版
hnnydxxb,华南农业大学学报
hnsfdxxb-shkxb,华南师范大学学报. 社会科学版
hnsfdxxb-zrkxb,华南师范大学学报. 自然科学版
hqdxxb-zrkxb,华侨大学学报. 自然科学版
hqhrlsyj,华侨华人历史研究
hxkqyxzz,华西口腔医学杂志
hxyxzz,华西药学杂志
hxkg,华夏考古
hzkjdxxb-shkxb,华中科技大学学报. 社会科学版
hzkjdxxb-yxb,华中科技大学学报. 医学版
hzkjdxxb-zrkxb,华中科技大学学报. 自然科学版
hznydxxb,华中农业大学学报
hzsfdxxb-rwshkxb,华中师范大学学报. 人文社会科学版
hzsfdxxb-zrkxb,华中师范大学学报. 自然科学版
hghb,化工环保
hgjz,化工进展
hgkwyjg,化工矿物与加工
hgxxcl,化工新型材料
hgxb,化工学报
hxfygcygy,化学反应工程与工艺
hxgc,化学工程
hxjx,化学教学
hxjy,化学教育
hxjz,化学进展
hxsj,化学世界
hxsj,化学试剂
hxtb,化学通报
hxxb,化学学报
hxyjyyy,化学研究与应用
hjbh,环境保护
hjgc,环境工程
hjgcxb,环境工程学报
hjhx,环境化学
hjkx,环境科学
hjkxxb,环境科学学报
hjkxyj,环境科学研究
hjkxyjs,环境科学与技术
hjkcxb,环境昆虫学报
hjwryfz,环境污染与防治
hjyjkzz,环境与健康杂志
hjyzyyx,环境与职业医学
hqflpl,环球法律评论
hz,黄钟
hzyj,回族研究
hnt,混凝土
hntysnzp,混凝土与水泥制品
hgp,火工品
hlyzhkz,火力与指挥控制
hpfsykzxb,火炮发射与控制学报
hzyxb,火炸药学报
jcdcd,机车电传动
jcyyy,机床与液压
jqr,机器人
jxcd,机械传动
jxgccl,机械工程材料
jxgcxb,机械工程学报
jxkxyjs,机械科学与技术
jxqd,机械强度
jxsj,机械设计
jxsjyyj,机械设计与研究
jxsjyzz,机械设计与制造
jcyxylc,基础医学与临床
jgjs,激光技术
jgygdzxjz,激光与光电子学进展
jgyhw,激光与红外
jgzz,激光杂志
jldxshkxxb,吉林大学社会科学学报
jldxxb-dqkxb,吉林大学学报. 地球科学版
jldxxb-gxb,吉林大学学报. 工学版
jldxxb-lxb,吉林大学学报. 理学版
jldxxb-yxb,吉林大学学报. 医学版
jlnydxxb,吉林农业大学学报
jlnykx,吉林农业科学
jsdxxb-shkxb,吉首大学学报.社会科学版
jdyj,极地研究
jndxxb-zrkxb,济南大学学报. 自然科学版
gsps,给水排水
jlxb,计量学报
jsjclykz,计算机测量与控制
jsjfz,计算机仿真
jsjfzsjytxxxb,计算机辅助设计与图形学学报
jsjgcykx,计算机工程与科学
jsjgcysj,计算机工程与设计
jsjjczzxt,计算机集成制造系统
jsjkx,计算机科学
jsjxb,计算机学报
jsjyjyfz,计算机研究与发展
jsjyy,计算机应用
jsjyyyj,计算机应用研究
jsjyyyrj,计算机应用与软件
jsjyyyhx,计算机与应用化学
jslxxb,计算力学学报
jssx,计算数学
jswl,计算物理
ndxxb-zrkxyyxb,暨南大学学报. 自然科学与医学版
nxb-zxshkxb,暨南学报. 哲学社会科学版
jxssxb,家畜生态学报
jgllysj,价格理论与实践
jgyk,价格月刊
jzclxb,建筑材料学报
jzgjgjz,建筑钢结构进展
jzjg,建筑结构
jzjgxb,建筑结构学报
jzjj,建筑经济
jzkx,建筑科学
jzkxygcxb,建筑科学与工程学报
jzxb,建筑学报
jckxjs,舰船科学技术
jhxk,江海学刊
jhkg,江汉考古
jhls,江汉论坛
jn,江南
jsdxxb-zrkxb,江苏大学学报. 自然科学版
jsgj,江苏高教
jsnykx,江苏农业科学
jsnyxb,江苏农业学报
jsshkx,江苏社会科学
jsxzxyxb,江苏行政学院学报
jsyy,江苏医药
jxcjdxxb,江西财经大学学报
jxnydxxb,江西农业大学学报
jxshkx,江西社会科学
jxsfdxxb-zrkxb,江西师范大学学报. 自然科学版
jtysgcxb,交通运输工程学报
jtysxtgcyxx,交通运输系统工程与信息
jx,交响
jsjyyj,教师教育研究
jxygl,教学与管理
jxyyj,教学与研究
jxyk-zxb,教学月刊. 中学版
jychyj,教育财会研究
jyfzyj,教育发展研究
jykx,教育科学
jykxyj,教育科学研究
jyllysj,教育理论与实践
jypl,教育评论
jyss,教育探索
jyxb,教育学报
jyxsyk,教育学术月刊
jyyj,教育研究
jyyjysy,教育研究与实验
jyyjj,教育与经济
jyyzy,教育与职业
jsgg,节水灌溉
jggcs,结构工程师
jfjlgdxxb-zrkxb,解放军理工大学学报. 自然科学版
jfjwgyxyxb,解放军外国语学院学报
jfjyxzz,解放军医学杂志
jpxb,解剖学报
jpxzz,解剖学杂志
jrfsxzz,介入放射学杂志
jrllysj,金融理论与实践
jrls,金融论坛
jryj,金融研究
jryjj,金融与经济
jsks,金属矿山
jsrcl,金属热处理
jsxb,金属学报
jdsyj,近代史研究
jjdl,经济地理
jjgl,经济管理
jjjw,经济经纬
jjkx,经济科学
jjllyjjgl,经济理论与经济管理
jjlyj,经济林研究
jjpl,经济评论
jjshtzbj,经济社会体制比较
jjtzgg,经济体制改革
jjwt,经济问题
jjwtss,经济问题探索
jjx,经济学
jjxds,经济学动态
jjxj,经济学家
jjyj,经济研究
jjyjck,经济研究参考
jjyglyj,经济与管理研究
jjzh,经济纵横
jxhg,精细化工
jxsyhg,精细石油化工
jb,剧本
jycl,绝缘材料
jsyxkxyykgmwjsyx,军事医学科学院院刊（改名为：军事医学）
jwxb,菌物学报
kfyj,开发研究
kfdb,开放导报
kfjyyj,开放教育研究
kfsd,开放时代
krzzyj,抗日战争研究
kg,考古
kgxb,考古学报
kgyww,考古与文物
kjdb,科技导报
kjglyj,科技管理研究
kjjbydc,科技进步与对策
kjtb,科技通报
kjycb,科技与出版
kx,科学
kxglyj,科学管理研究
kxjsybzfgmwkxjszxyj,科学技术与辩证法（改名为：科学技术哲学研究）
kxjsygc,科学技术与工程
kxshzy,科学社会主义
kxtb,科学通报
kxxyj,科学学研究
kxxykxjsgl,科学学与科学技术管理
kxyy,科学养鱼
kygl,科研管理
kzsny,可再生能源
kcjcjf,课程、教材、教法
kjjg,空间结构
kjkxxb,空间科学学报
kjgcdxxb-zrkxb,空军工程大学学报. 自然科学版
kqdlxxb,空气动力学学报
kzyj,孔子研究
kzgc,控制工程
kzllyyy,控制理论与应用
kzyjc,控制与决策
hjyj,会计研究
hjzy,会计之友
kcdz,矿床地质
ksjx,矿山机械
kwxb,矿物学报
kwys,矿物岩石
kwysdqhxtb,矿物岩石地球化学通报
kygc,矿冶工程
kyaqyhb,矿业安全与环保
kyyjykf,矿业研究与开发
kcflxb,昆虫分类学报
kcxb,昆虫学报
kczsgmwyykcxb,昆虫知识（改名为：应用昆虫学报）
kmlgdxxb-lgbgmwkmlgdxxb-zrkxb,昆明理工大学学报. 理工版（改名为：昆明理工大学学报. 自然科学版）
ldmzyj,拉丁美洲研究
lssj,兰台世界
lzdxxb-shkxb,兰州大学学报. 社会科学版
lzdxxb-zrkxb,兰州大学学报. 自然科学版
lzlgdxxb,兰州理工大学学报
lzjhyxf,离子交换与吸附
lhjy-hxfc,理化检验. 化学分册
lldk,理论导刊
llss,理论探索
llst,理论探讨
llxk,理论学刊
llygg,理论与改革
llyk,理论月刊
lxjk,力学季刊
lxjz,力学进展
lxxb,力学学报
lxysj,力学与实践
lsda,历史档案
lsjx,历史教学
lsjxwt,历史教学问题
lsyj,历史研究
lg,炼钢
lt,炼铁
lsyslgy,粮食与饲料工业
lsyyz,粮食与油脂
lyspkj,粮油食品科技
lzdzxb,量子电子学报
lzgxxb,量子光学学报
lndxxb-zxshkxb,辽宁大学学报. 哲学社会科学版
lngcjsdxxb-zrkxb,辽宁工程技术大学学报. 自然科学版
lnjyyjgmwxdjygl,辽宁教育研究（改名为：现代教育管理）
bw,瞭望
lcgy,林产工业
lchxygy,林产化学与工业
lyjj,林业经济
lyjjwt,林业经济问题
lykjkf,林业科技开发
lykx,林业科学
lykxyj,林业科学研究
lyzygl,林业资源管理
lcekzz,临床儿科杂志
lcebyhtjwkzz,临床耳鼻咽喉头颈外科杂志
lcfsxzz,临床放射学杂志
lcjyzz,临床检验杂志
lcmzxzz,临床麻醉学杂志
lcpfkzz,临床皮肤科杂志
lcsjbxzz,临床神经病学杂志
lcxxgbzz,临床心血管病杂志
lcysyblxzz,临床与实验病理学杂志
ldkx,领导科学
ltjx,流体机械
lxyjyk,鲁迅研究月刊
lyxk,旅游学刊
llxyj,伦理学研究
mkszyyj,马克思主义研究
mkszyyxs,马克思主义与现实
mlzwxb,麦类作物学报
mzyj,满族研究
mz,芒种
mfkj,毛纺科技
mzddxpllyj,毛泽东邓小平理论研究
mzdsxyj,毛泽东思想研究
mkaq,煤矿安全
mkjx,煤矿机械
mkkc,煤矿开采
msgc,煤炭工程
msjs,煤炭技术
mskxjs,煤炭科学技术
msxb,煤炭学报
mszh,煤炭转化
mtdzyks,煤田地质与勘探
mgyj,美国研究
ms,美术
msgc,美术观察
msxb,美术学报
msyj,美术研究
my,美苑
mfzjs,棉纺织技术
mhxb,棉花学报
myxzz,免疫学杂志
mgda,民国档案
mzjyyj,民族教育研究
mzwxyj,民族文学研究
mzyj,民族研究
mzys,民族艺术
mzyw,民族语文
mqxsyj,明清小说研究
mhxtysx,模糊系统与数学
mssbyrgzn,模式识别与人工智能
mkxyjs,膜科学与技术
mcxxb,摩擦学学报
mcgy,木材工业
mcjgjx,木材加工机械
nhcl,耐火材料
ncdxxb-lkb,南昌大学学报. 理科版
ncdxxb-rwshkxb,南昌大学学报. 人文社会科学版
nfjr,南方金融
nfscgmwnfsckx,南方水产（改名为：南方水产科学）
nfws,南方文坛
nfykdxxb,南方医科大学学报
njdxxb-zxrwkxshkx,南京大学学报. 哲学、人文科学、社会科学
njdxxb-zrkx,南京大学学报. 自然科学
njgydxxb-zrkxb,南京工业大学学报. 自然科学版
njhkhtdxxb,南京航空航天大学学报
njlgdxxb-zrkxbgmwnjlgdxxb,南京理工大学学报. 自然科学版（改名为：南京理工大学学报）
njlydxxb-zrkxb,南京林业大学学报. 自然科学版
njnydxxb,南京农业大学学报
njnydxxb-shkxb,南京农业大学学报. 社会科学版
njqxxyxbgmwdqkxxb,南京气象学院学报（改名为：大气科学学报）
njshkx,南京社会科学
njsdxb-shkxb,南京师大学报. 社会科学版
njsdxb-zrkxb,南京师大学报. 自然科学版
njykdxxb-zrkxb,南京医科大学学报. 自然科学版
njysxyxb-msysjb,南京艺术学院学报. 美术与设计版
njyddxxb-zrkxb,南京邮电大学学报. 自然科学版
njzzxyxb,南京政治学院学报
njzyydxxb,南京中医药大学学报
nkdxxb-zrkxb,南开大学学报. 自然科学版
nkglpl,南开管理评论
nkjjyj,南开经济研究
nkxb-zxshkxb,南开学报. 哲学社会科学版
nsbdyslkj,南水北调与水利科技
nmgdxxb-zrkxb,内蒙古大学学报. 自然科学版
nmgnydxxb-zrkxb,内蒙古农业大学学报. 自然科学版
nmgshkx,内蒙古社会科学
nmgsfdxxb-jykxb,内蒙古师范大学学报. 教育科学版
nmgsfdxxb-zrkxhwb,内蒙古师范大学学报. 自然科学汉文版
nrjgc,内燃机工程
nrjxb,内燃机学报
nsyj,泥沙研究
njkj,酿酒科技
ncjj,农村经济
njhyj,农机化研究
ny,农药
nyxxb,农药学学报
nygcxb,农业工程学报
nyhjkxxb,农业环境科学学报
nyjxxb,农业机械学报
nyjsjj,农业技术经济
nyjj,农业经济
nyjjwt,农业经济问题
nykg,农业考古
nyswjsxb,农业生物技术学报
nyxdhyj,农业现代化研究
ntkd,暖通空调
ozyj,欧洲研究
pgjxgmwpgjxgcxb,排灌机械（改名为：排灌机械工程学报）
pgkxygc,皮革科学与工程
qlxk,齐鲁学刊
qygl,企业管理
qyjj,企业经济
qhbhyjjz,气候变化研究进展
qhyhjyj,气候与环境研究
qx,气象
qxkx,气象科学
qxxb,气象学报
qcgc,汽车工程
qcjs,汽车技术
qljjs,汽轮机技术
qjgylzs,强激光与粒子束
qljs,桥梁建设
qdkjdxxb-zrkxb,青岛科技大学学报. 自然科学版
qhmzyj,青海民族研究
qnjz,青年记者
qnyj,青年研究
qhjjgjs,轻合金加工技术
qjs,轻金属
qhdxjyyj,清华大学教育研究
qhdxxb-zxshkxb,清华大学学报. 哲学社会科学版
qhdxxb-zrkxb,清华大学学报. 自然科学版
qhfx,清华法学
qm,清明
qsyj,清史研究
qbkx,情报科学
qbllysj,情报理论与实践
qbxb,情报学报
qbzz,情报杂志
qbzlgz,情报资料工作
qs,求实
qs,求是
qsxk,求是学刊
qqjyzw,全球教育展望
rlhxxb,燃料化学学报
rqwlsyyyj,燃气涡轮试验与研究
rskxyjs,燃烧科学与技术
rddl,热带地理
rdhyxb,热带海洋学报
rdqxxb,热带气象学报
rdyrdzwxb,热带亚热带植物学报
rdzwxb,热带作物学报
rgxsz,热固性树脂
rjggy,热加工工艺
rkxyjs,热科学与技术
rlfd,热力发电
rndlgc,热能动力工程
rgjtxb,人工晶体学报
rkxk,人口学刊
rkyj,人口研究
rkyfz,人口与发展
rkyjj,人口与经济
rlxxb,人类学学报
rmcj,人民长江
rmhh,人民黄河
rmjc,人民检察
rmjy,人民教育
rmls,人民论坛
rmwx,人民文学
rmyl-plgmwrmyl,人民音乐. 评论（改名为：人民音乐）
rwdl,人文地理
rwzz,人文杂志
rbxk,日本学刊
ryhxgy,日用化学工业
rjxb,软件学报
rkx,软科学
rhymf,润滑与密封
sp,色谱
sdxb,山地学报
sddxxb-gxb,山东大学学报. 工学版
sddxxb-lkb,山东大学学报. 理科版
sddxxb-yxb,山东大学学报. 医学版
sddxxb-zxshkxb,山东大学学报. 哲学社会科学版
sdnydxxb-zrkxb,山东农业大学学报. 自然科学版
sdshkx,山东社会科学
sdtykj,山东体育科技
sdtyxyxb,山东体育学院学报
sdwyjx,山东外语教学
sh,山花
sxcjdxxb,山西财经大学学报
sxdxxb-zxshkxb,山西大学学报. 哲学社会科学版
sxdxxb-zrkxb,山西大学学报. 自然科学版
sxda,山西档案
sxsdxb-shkxb,山西师大学报. 社会科学版
sxsfdxxb-zxshkxb,陕西师范大学学报. 哲学社会科学版
sxsfdxxb-zrkxb,陕西师范大学学报. 自然科学版
syjjygl,商业经济与管理
sysd,商业时代
syyj,商业研究
shcjdxxb-zxshkxb,上海财经大学学报. 哲学社会科学版
shdxxb-shkxb,上海大学学报. 社会科学版
shdxxb-zrkxb,上海大学学报. 自然科学版
shfy,上海翻译
shfzkj,上海纺织科技
shhsdxxb,上海海事大学学报
shjtdxxb,上海交通大学学报
shjtdxxb-yxb,上海交通大学学报. 医学版
shjtdxxb-zxshkxb,上海交通大学学报. 哲学社会科学版
shjyky,上海教育科研
shjr,上海金融
shjs,上海金属
shjjyj,上海经济研究
shkqyx,上海口腔医学
shlgdxxb,上海理工大学学报
shlxhjxyxb,上海立信会计学院学报
shnyxb,上海农业学报
shsfdxxb-zxshkxb,上海师范大学学报. 哲学社会科学版
shscdxxbgmwshhydxxb,上海水产大学学报（改名为：上海海洋大学学报）
shtyxyxb,上海体育学院学报
shwx,上海文学
shxj,上海戏剧
shxzxyxb,上海行政学院学报
shyx,上海医学
sjqt,烧结球团
sh,社会
shkx,社会科学
shkxjk,社会科学辑刊
shkxj,社会科学家
shkxyj,社会科学研究
shkxzx,社会科学战线
shxyj,社会学研究
shzyyj,社会主义研究
swsw,涉外税务
sdxxb-lgb,深圳大学学报. 理工版
sdxxb-rwshkxb,深圳大学学报. 人文社会科学版
sjjpxzz,神经解剖学杂志
sygydxxb,沈阳工业大学学报
syjzdxxb-zrkxb,沈阳建筑大学学报. 自然科学版
synydxxb,沈阳农业大学学报
sytyxyxb,沈阳体育学院学报
syykdxxb,沈阳药科大学学报
sjyj,审计研究
sjyjjyj,审计与经济研究
szbytxsyzzz,肾脏病与透析肾移植杂志
slkxjz,生理科学进展
slxb,生理学报
smkxyj,生命科学研究
ssdlxb,生态毒理学报
sshjgmwsshjxb,生态环境（改名为：生态环境学报）
ssjj,生态经济
sskx,生态科学
ssxb,生态学报
ssxzz,生态学杂志
ssynchjxb,生态与农村环境学报
swdyx,生物多样性
swgcxb,生物工程学报
swhxyswwljz,生物化学与生物物理进展
swjs,生物技术
swjstb,生物技术通报
swwlxb,生物物理学报
swyxgcxzz,生物医学工程学杂志
sxxb,声学学报
sk,诗刊
sgjs,施工技术
sdkx,湿地科学
sfyj,湿法冶金
sy,十月
sydqwlks,石油地球物理勘探
syhg,石油化工
syjx,石油机械
syksykf,石油勘探与开发
sylzyhg,石油炼制与化工
sysydz,石油实验地质
syws,石油物探
syxb,石油学报
syxb-syjg,石油学报. 石油加工
syytrqdz,石油与天然气地质
syzcgy,石油钻采工艺
syzsjs,石油钻探技术
szgygy,时珍国医国药
syjsygl,实验技术与管理
sylx,实验力学
syltlx,实验流体力学
sysyjyss,实验室研究与探索
syeklczz,实用儿科临床杂志
syfsxzz,实用放射学杂志
syfckzz,实用妇产科杂志
sykqyxzz,实用口腔医学杂志
syyxzz,实用医学杂志
spgy,食品工业
spgykj,食品工业科技
spkj,食品科技
spkx,食品科学
spyjykf,食品研究与开发
spyfjgy,食品与发酵工业
spyjx,食品与机械
spyswjsxb,食品与生物技术学报
syjxb,食用菌学报
sl,史林
sxjk,史学集刊
sxllyj,史学理论研究
sxsyj,史学史研究
sxyk,史学月刊
sjdzgc,世界地震工程
sjdy,世界电影
sjhyjx,世界汉语教学
sjhrxhzz,世界华人消化杂志
sjhwwxls,世界华文文学论坛
sjjj,世界经济
sjjjwh,世界经济文汇
sjjjyj,世界经济研究
sjjjyzz,世界经济与政治
sjjjyzzls,世界经济与政治论坛
sjkxjs-zyyxdh,世界科学技术. 中医药现代化
sjls,世界历史
sjlyyj,世界林业研究
sjmyzzdsyyj,世界贸易组织动态与研究
sjms,世界美术
sjmz,世界民族
sjny,世界农业
sjql,世界桥梁
sjzx,世界哲学
sjzjwh,世界宗教文化
sjzjyj,世界宗教研究
sh,收获
sdjjmydxxb,首都经济贸易大学学报
sdsfdxxb-shkxb,首都师范大学学报. 社会科学版
sdtyxyxb,首都体育学院学报
slxb,兽类学报
sjcjycl,数据采集与处理
sltjygl,数理统计与管理
sljjjsjjyj,数量经济技术经济研究
sxdsjyrs,数学的实践与认识
sxjyxb,数学教育学报
sxjz,数学进展
sxnk-Aj,数学年刊. A辑
sxtb,数学通报
sxwlxb,数学物理学报
sxxb,数学学报
sxzz,数学杂志
sbjs,水泵技术
sckjqb,水产科技情报
sckx,水产科学
scxb,水产学报
scljs,水处理技术
sdnykx,水电能源科学
sdlxyjyjz-Aj,水动力学研究与进展. A辑
skxjz,水科学进展
slfd,水力发电
slfdxb,水力发电学报
slsdjs,水利水电技术
slsdkjjz,水利水电科技进展
slsygcxb,水利水运工程学报
slxb,水利学报
ssswxb,水生生物学报
sssxzz,水生态学杂志
stbctb,水土保持通报
stbcxb,水土保持学报
stbcyj,水土保持研究
sw,水文
swdzgcdz,水文地质工程地质
sygc,水运工程
swyj,税务研究
swyjj,税务与经济
sc,丝绸
sxlljy,思想理论教育
sxlljydk,思想理论教育导刊
sxzx,思想战线
sxzzkjx,思想政治课教学
scdxxb-gckxb,四川大学学报. 工程科学版
scdxxb-yxb,四川大学学报. 医学版
scdxxb-zxshkxb,四川大学学报. 哲学社会科学版
scdxxb-zrkxb,四川大学学报. 自然科学版
scdw,四川动物
scnydxxb,四川农业大学学报
scsfdxxb-shkxb,四川师范大学学报. 社会科学版
scsfdxxb-zrkxb,四川师范大学学报. 自然科学版
scwyxyxbgmwwgyw,四川外语学院学报（改名为：外国语文）
scww,四川文物
scxj,四川戏剧
slgy,饲料工业
slyj,饲料研究
szdxxb-zxshkxb,苏州大学学报. 哲学社会科学版
sl,塑料
slgy,塑料工业
slkj,塑料科技
sxgcxb,塑性工程学报
synxb,太阳能学报
sylgdxxb,太原理工大学学报
ssjs,炭素技术
scykzxb,探测与控制学报
ss,探索
ssyzm,探索与争鸣
tcxb,陶瓷学报
tsg,特殊钢
tzyqc,特种油气藏
tzzzjyshj,特种铸造及有色合金
tykx,体育科学
tywhdk,体育文化导刊
tyxk,体育学刊
tyykx,体育与科学
tfxl,天府新论
tjdxxb,天津大学学报
tjdxxb-shkxb,天津大学学报. 社会科学版
tjgydxxb,天津工业大学学报
tjshkx,天津社会科学
tjsfdxxb-shkxb,天津师范大学学报. 社会科学版
tjtyxyxb,天津体育学院学报
tjyy,天津医药
trcwyjykf,天然产物研究与开发
trqdqkx,天然气地球科学
trqgy,天然气工业
trqhg-Clhxyhg,天然气化工. Cl，化学与化工
twxb,天文学报
twxjz,天文学进展
ty,天涯
tdbzsj,铁道标准设计
tdcl,铁道车辆
tdgcxb,铁道工程学报
tdjz,铁道建筑
tdkxygcxb,铁道科学与工程学报
tdxb,铁道学报
tdysyjj,铁道运输与经济
tlxjyyjbzz,听力学及言语疾病杂志
txxb,通信学报
tjdxxb-shkxb,同济大学学报. 社会科学版
tjdxxb-zrkxb,同济大学学报. 自然科学版
tjyj,统计研究
tjyjc,统计与决策
tzyj,投资研究
tsg,图书馆
tsggzyyj,图书馆工作与研究
tsgjs,图书馆建设
tsgllysj,图书馆理论与实践
tsgls,图书馆论坛
tsgxyjfwtsgxyj-llbhtsgxyj-yyb,图书馆学研究（分为：《图书馆学研究. 理论版》和《图书馆学研究. 应用版》）
tsgzz,图书馆杂志
tsqbgz,图书情报工作
tsqbzs,图书情报知识
tsyqb,图书与情报
tlgy,涂料工业
tmgcxb,土木工程学报
tr,土壤
trtb,土壤通报
trxb,土壤学报
tjjs,推进技术
wgjyyj,外国教育研究
wgjjygl,外国经济与管理
wgwx,外国文学
wgwxpl,外国文学评论
wgwxyj,外国文学研究
wgy,外国语
wgzxxjy,外国中小学教育
wjpl,外交评论
wydhjx,外语电化教学
wyjx,外语教学
wyjxllysj,外语教学理论与实践
wyjxyyj,外语教学与研究
wyj,外语界
wyxk,外语学刊
wyyj,外语研究
wyywyjx,外语与外语教学
wbxb,微波学报
wdj,微电机
wdzx,微电子学
wdzxyjsj,微电子学与计算机
wndzjs,微纳电子技术
wswxb,微生物学报
wswxtb,微生物学通报
wtdj,微特电机
wtgswxb,微体古生物学报
wsyj,卫生研究
ws,文史
wsz,文史哲
ww,文物
wwbhykgkx,文物保护与考古科学
wx,文献
wxpl,文学评论
wxyc,文学遗产
wyllyj,文艺理论研究
wyllypp,文艺理论与批评
wypl,文艺评论
wyyj,文艺研究
wyzm,文艺争鸣
wjclxb,无机材料学报
wjhxxb,无机化学学报
wjygy,无机盐工业
whdxxb-gxb,武汉大学学报. 工学版
whdxxb-lxb,武汉大学学报. 理学版
whdxxb-rwkxb,武汉大学学报. 人文科学版
whdxxb-xxkxb,武汉大学学报. 信息科学版
whdxxb-yxb,武汉大学学报. 医学版
whdxxb-zxshkxb,武汉大学学报. 哲学社会科学版
whjr,武汉金融
whlgdxxb,武汉理工大学学报
whlgdxxb-shkxb,武汉理工大学学报. 社会科学版
whtyxyxb,武汉体育学院学报
whzwxyjgmwzwkxxb,武汉植物学研究（改名为：植物科学学报）
wd,舞蹈
wl,物理
wlhxxb,物理化学学报
wljs-gzbgmwwljs-jxyjb,物理教师. 高中版（改名为：物理教师. 教学研究版）
wlxb,物理学报
wlxjz,物理学进展
wljs,物流技术
xadzkjdxxb,西安电子科技大学学报
xajzkjdxxb-zrkxb,西安建筑科技大学学报. 自然科学版
xajtdxxb,西安交通大学学报
xajtdxxb-shkxb,西安交通大学学报. 社会科学版
xajtdxxb-yxb,西安交通大学学报. 医学版
xalgdxxb,西安理工大学学报
xasydxxb-zrkxb,西安石油大学学报. 自然科学版
xatyxyxb,西安体育学院学报
xbdxxb-zxshkxb,西北大学学报. 哲学社会科学版
xbdxxb-zrkxb,西北大学学报. 自然科学版
xbdzxb,西北地震学报
xbgydxxb,西北工业大学学报
xblxyxb,西北林学院学报
xbmzyj,西北民族研究
xbnlkjdxxb-zrkxb,西北农林科技大学学报. 自然科学版
xbnyxb,西北农业学报
xbsdxb-shkxb,西北师大学报. 社会科学版
xbsfdxxb-zrkxb,西北师范大学学报. 自然科学版
xbzwxb,西北植物学报
xblykx,西部林业科学
xndxxb-shkxb,西南大学学报. 社会科学版
xndxxb-zrkxb,西南大学学报. 自然科学版
xnjtdxxb,西南交通大学学报
xnjr,西南金融
xnmzdxxb-rwskb,西南民族大学学报. 人文社科版
xnnyxb,西南农业学报
xnsfdxxb-zrkxb,西南师范大学学报. 自然科学版
xnsydxxb-zrkxb,西南石油大学学报. 自然科学版
xyfz,西亚非洲
xyyj,西域研究
xcyj,西藏研究
xt,稀土
xyjs,稀有金属
xyjsclygc,稀有金属材料与工程
xyjsyyzhj,稀有金属与硬质合金
xj,戏剧
xjwx,戏剧文学
xjys,戏剧艺术
xqys,戏曲艺术
xtfzxb,系统仿真学报
xtgc,系统工程
xtgcllysj,系统工程理论与实践
xtgcxb,系统工程学报
xtgcydzjs,系统工程与电子技术
xtkxysx,系统科学与数学
xbswxzzgmwzgxbswxxb,细胞生物学杂志（改名为：中国细胞生物学学报）
xbyfzmyxzz,细胞与分子免疫学杂志
xmdxxb-zxshkxb,厦门大学学报. 哲学社会科学版
xmdxxb-zrkxb,厦门大学学报. 自然科学版
xdcj,现代财经
xdcsyj,现代城市研究
xdcb,现代传播
xddxjy,现代大学教育
xddz,现代地质
xddl,现代电力
xdfx,现代法学
xdfyjs,现代防御技术
xdgjgx,现代国际关系
xdhg,现代化工
xdjjst,现代经济探讨
xdld,现代雷达
xdmyx,现代免疫学
xdrbjj,现代日本经济
xdspkj,现代食品科技
xdsljgyy,现代塑料加工应用
xdsdjs,现代隧道技术
xdtsqbjs,现代图书情报技术
xdwy,现代外语
xdyfyx,现代预防医学
xdzx,现代哲学
xdzzgc,现代制造工程
xdzxxjy,现代中小学教育
xsdxxb-zxshkxb,湘潭大学学报. 哲学社会科学版
xsdxzrkxxb,湘潭大学自然科学学报
xjgy,橡胶工业
xfkxyjs,消防科学与技术
xfjj,消费经济
xsj,小说界
xspl,小说评论
xsyb-ycb,小说月报. 原创版
xxwxjsjxt,小型微型计算机系统
xlfzyjy,心理发展与教育
xlkx,心理科学
xlkxjz,心理科学进展
xlxb,心理学报
xjdz,新疆地质
xjnykx,新疆农业科学
xjsfdxxb-zxshkxb,新疆师范大学学报. 哲学社会科学版
xjsydz,新疆石油地质
xjr,新金融
xms,新美术
xsy,新视野
xwxsl,新文学史料
xwdx,新闻大学
xwjz,新闻记者
xwj,新闻界
xwycbyj,新闻与传播研究
xwyxz,新闻与写作
xwzx,新闻战线
xwzs,新闻知识
xxscl,新型炭材料
xhcl,信号处理
xxykz,信息与控制
xysfxyxb-zrkxb,信阳师范学院学报. 自然科学版
xzfxyj,行政法学研究
xzls,行政论坛
xcxxgmwddxcx,修辞学习（改名为：当代修辞学）
xzsfdxxb-zxshkxb,徐州师范大学学报. 哲学社会科学版
xmsyxb,畜牧兽医学报
xmysy,畜牧与兽医
xh,学海
xqjyyj,学前教育研究
xsjl,学术交流
xsj,学术界
xsls,学术论坛
xsyj,学术研究
xsyk,学术月刊
xwyyjsjy,学位与研究生教育
xxls,学习论坛
xxysj,学习与实践
xxyss,学习与探索
xxdjysxjy,学校党建与思想教育
ydysg,压电与声光
ytysyzbxzz,牙体牙髓牙周病学杂志
ysjj,亚太经济
yckj,烟草科技
ysdxxb-zxshkxb,烟台大学学报. 哲学社会科学版
ykcs,岩矿测试
yskwxzz,岩石矿物学杂志
yslxygcxb,岩石力学与工程学报
ysxb,岩石学报
ytgcxb,岩土工程学报
ytlx,岩土力学
yjyfzgl,研究与发展管理
ykxjz,眼科新进展
ykyjgmwzhsyykzz,眼科研究（改名为：中华实验眼科杂志）
yzdxxb-nyysmkxb,扬州大学学报. 农业与生命科学版
yzdxxb-zrkxb,扬州大学学报. 自然科学版
ygjsyyy,遥感技术与应用
ygxb,遥感学报
ywfxzz,药物分析杂志
yxxb,药学学报
yjfx,冶金分析
yjzdh,冶金自动化
yjyxs,液晶与显示
yyyqd,液压与气动
yxyjsxb,医学研究生学报
yxyzx-rwshyxb,医学与哲学. 人文社会医学版
yydb,医药导报
yyswlx,医用生物力学
ybjsycgq,仪表技术与传感器
yqybxb,仪器仪表学报
yc,遗传
ysbj,艺术百家
yspl,艺术评论
yl,译林
ylcz,音乐创作
ylyj,音乐研究
ylys,音乐艺术
yxj,银行家
yr,印染
yrzj,印染助剂
yygltj,应用概率统计
yygx,应用光学
yyhx,应用化学
yyjcygckxxb,应用基础与工程科学学报
yyjg,应用激光
yykxxb,应用科学学报
yylxxb,应用力学学报
yyqxxb,应用气象学报
yyssxb,应用生态学报
yysx,应用声学
yysx,应用数学
yysxhlx,应用数学和力学
yysxxb,应用数学学报
yyyhjswxb,应用与环境生物学报
yyxb,营养学报
yxkxyghx,影像科学与光化学
yqdzycsl,油气地质与采收率
yqtdmgc,油气田地面工程
ythx,油田化学
yjhx,有机化学
ysjsgmwysjsgc,有色金属（改名为：有色金属工程）
ysjs-xkbf,有色金属. 选矿部分
ysjs-ylbf,有色金属. 冶炼部分
yyxdh,渔业现代化
yhclgy,宇航材料工艺
yhxb,宇航学报
ywjs,语文建设
ywyj,语文研究
yyjxyyj,语言教学与研究
yykx,语言科学
yywzyy,语言文字应用
yyyj,语言研究
ymkx,玉米科学
yc,预测
yyxb,园艺学报
yzhwlpl,原子核物理评论
yznkxjs,原子能科学技术
yzyfzwlxb,原子与分子物理学报
yncjdxxb,云南财经大学学报
yndxxb-shkxb,云南大学学报. 社会科学版
yndxxb-zrkxb,云南大学学报. 自然科学版
ynmzdxxb-zxshkxb,云南民族大学学报. 哲学社会科学版
ynnydxxb-zrkx,云南农业大学学报. 自然科学
ynshkx,云南社会科学
ynsfdxxb-zxshkxb,云南师范大学学报. 哲学社会科学版
ynxzxyxb,云南行政学院学报
ynzwyjgmwzwflyzyxb,云南植物研究（改名为：植物分类与资源学报）
ycxxb,运筹学学报
ycygl,运筹与管理
zjsd,杂交水稻
zhx,灾害学
zzkxyjs,造纸科学与技术
zxds,哲学动态
zxyj,哲学研究
zjdxxb-gxb,浙江大学学报. 工学版
zjdxxb-lxb,浙江大学学报. 理学版
zjdxxb-nyysmkxb,浙江大学学报. 农业与生命科学版
zjdxxb-rwshkxb,浙江大学学报. 人文社会科学版
zjdxxb-yxb,浙江大学学报. 医学版
zjda,浙江档案
zjjr,浙江金融
zjlxyxbgmwzjnldxxb,浙江林学院学报（改名为：浙江农林大学学报）
zjlykj,浙江林业科技
zjnyxb,浙江农业学报
zjshkx,浙江社会科学
zjsfdxxb-shkxb,浙江师范大学学报. 社会科学版
zjxk,浙江学刊
zcyj,针刺研究
zzgy,针织工业
zkkxyjsxb,真空科学与技术学报
zdblxzz,诊断病理学杂志
zdcsyzd,振动、测试与诊断
zdgcxb,振动工程学报
zdycj,振动与冲击
zqscdb,证券市场导报
zzdxxb-gxb,郑州大学学报. 工学版
zzdxxb-lxb,郑州大学学报. 理学版
zzdxxb-yxb,郑州大学学报. 医学版
zzdxxb-zxshkxb,郑州大学学报. 哲学社会科学版
zfls,政法论坛
zzxyj,政治学研究
zzyfl,政治与法律
zscq,知识产权
zjls,职教论坛
zyjsjy,职业技术教育
zwbh,植物保护
zwbhxb,植物保护学报
zwblxb,植物病理学报
zwjy,植物检疫
zwslxtxgmwzwslxb,植物生理学通讯（改名为：植物生理学报）
zwssxb,植物生态学报
zwxtbgmwzwxb,植物学通报（改名为：植物学报）
zwyj,植物研究
zwyczyxb,植物遗传资源学报
zwyyyflxb,植物营养与肥料学报
zwzyyhjxb,植物资源与环境学报
zhzz,纸和造纸
zlxb,制冷学报
zzjsyjc,制造技术与机床
zzyzdh,制造业自动化
zpxb,质谱学报
znxtxb,智能系统学报
zbdxxb-zrkxb,中北大学学报. 自然科学版
zcy,中草药
zcy,中成药
zfysjjbzz,中风与神经疾病杂志
zgdsyj,中共党史研究
zgfjswdxxb,中共福建省委党校学报
zgtjswdxxb,中共天津市委党校学报
zgzjswdxxb,中共浙江省委党校学报
zgzydxxb,中共中央党校学报
zgazzz,中国癌症杂志
zgaqkxxb,中国安全科学学报
zgbjwx,中国比较文学
zgbjsdyj,中国边疆史地研究
zgbj,中国编辑
zgbmgc,中国表面工程
zgblslzz,中国病理生理杂志
zgbyswxzz,中国病原生物学杂志
zgcz,中国财政
zgcdxb,中国草地学报
zgcsjsgmwzgcs,中国测试技术（改名为：中国测试）
zgcsyxzz,中国超声医学杂志
zgcrjy,中国成人教育
zgcb,中国出版
zgdxjx,中国大学教学
zgddekzz,中国当代儿科杂志
zgdzgbls,中国党政干部论坛
zgda,中国档案
zgdj,中国道教
zgdfbxzz,中国地方病学杂志
zgdz,中国地震
zgdz,中国地质
zgdzdxxb-shkxb,中国地质大学学报. 社会科学版
zgdjywh,中国典籍与文化
zgdhjy,中国电化教育
zgdjgcxb,中国电机工程学报
zgdl,中国电力
zgds,中国电视
zgdmyhzz,中国动脉硬化杂志
zgetbjzz,中国儿童保健杂志
zgfx,中国法学
zgfy,中国翻译
zgfazz,中国肺癌杂志
zgftjs,中国粉体技术
zgfsyfhxb,中国腐蚀与防护学报
zgfybj,中国妇幼保健
zggryhlzz,中国感染与化疗杂志
zggdjy,中国高等教育
zggjyj,中国高教研究
zggckx,中国工程科学
zggyjj,中国工业经济
zggyyxzz,中国工业医学杂志
zgggws,中国公共卫生
zgglxb,中国公路学报
zggzsszz,中国骨质疏松杂志
zgglkx,中国管理科学
zggxjsxb,中国惯性技术学报
zggbdsxk,中国广播电视学刊
zggs,中国果树
zghsyq,中国海上油气
zghydxxb-zrkxb,中国海洋大学学报. 自然科学版
zghyyw,中国海洋药物
zghh,中国航海
zghjjc,中国环境监测
zghjkx,中国环境科学
zgjxgc,中国机械工程
zgjg,中国激光
zgjjyx,中国急救医学
zggsps,中国给水排水
zgjzjszz,中国脊柱脊髓杂志
zgjz,中国记者
zgjscxyjscbzz,中国寄生虫学与寄生虫病杂志
zgjq,中国家禽
zgjzj,中国胶粘剂
zgjxwkzz,中国矫形外科杂志
zgjyxk,中国教育学刊
zgjr,中国金融
zgjj,中国京剧
zgjjsyj,中国经济史研究
zgjjwt,中国经济问题
zgkfllysj,中国康复理论与实践
zgkfyxzz,中国康复医学杂志
zgksszz,中国抗生素杂志
zgkjfy,中国科技翻译
zgkjls,中国科技论坛
zgkjlwzx,中国科技论文在线
zgkjqkyj,中国科技期刊研究
zgkjszz,中国科技史杂志
"zgkx-Aj,sxgmwzgkx-sx","中国科学. A辑, 数学（改名为：中国科学. 数学）"
zgkx-Bjhxgmwzgkx-hx,中国科学. B辑，化学（改名为：中国科学. 化学）
zgkx-Cjsmkxgmwzgkx-smkx,中国科学. C辑，生命科学（改名为：中国科学. 生命科学）
"zgkx-Dj,dqkxgmwzgkx-dqkx","中国科学. D辑, 地球科学（改名为：中国科学. 地球科学）"
zgkx-Ejfwzgkx-jskxyzgkx-xxkx,中国科学. E辑（分为：《中国科学. 技术科学》与《中国科学. 信息科学》）
zgkx-Gjwlxlxtwxgmwzgkx-wlxlxtwx,中国科学. G辑，物理学、力学、天文学（改名为：中国科学. 物理学、力学、天文学）
zgkxjj,中国科学基金
zgkxjsdxxb,中国科学技术大学学报
zgkxyyjsyxb,中国科学院研究生院学报
zgkjkxjs,中国空间科学技术
zgky,中国矿业
zgkydxxb,中国矿业大学学报
zgld,中国劳动
zgldgxxyxb,中国劳动关系学院学报
zglnxzz,中国老年学杂志
zglsdllc,中国历史地理论丛
zglswwgmwzggjbwggk,中国历史文物（改名为：中国国家博物馆馆刊）
zglyxb,中国粮油学报
zglcjpxzz,中国临床解剖学杂志
zglcxlxzz,中国临床心理学杂志
zglcylxzz,中国临床药理学杂志
zgltjj,中国流通经济
zgms,中国煤炭
zgmyxzz,中国免疫学杂志
zgmsl,中国穆斯林
zgnkxzz,中国男科学杂志
zgnfgs,中国南方果树
zgnbsj,中国内部审计
zgnjzz,中国内镜杂志
zgncgc,中国农村观察
zgncjj,中国农村经济
zgncslsd,中国农村水利水电
zgnjh,中国农机化
zgns,中国农史
zgnydxxb,中国农业大学学报
zgnykjdb,中国农业科技导报
zgnykx,中国农业科学
zgnyqx,中国农业气象
zgnyzyyqh,中国农业资源与区划
zgpfxbxzz,中国皮肤性病学杂志
zgpg,中国皮革
zgptwkzz,中国普通外科杂志
zgqnyj,中国青年研究
zgqnzzxyxb,中国青年政治学院学报
zgqkyx,中国全科医学
zgrc,中国人才
zgrkzyyhj,中国人口、资源与环境
zgrkkx,中国人口科学
zgrlzykf,中国人力资源开发
zgrmdxxb,中国人民大学学报
zgrmgadxxb-shkxb,中国人民公安大学学报. 社会科学版
zgrsghbxb,中国人兽共患病学报
zgrpgy,中国乳品工业
zgrkx,中国软科学
zgslbc,中国森林病虫
zgsm,中国沙漠
zgshjjsyj,中国社会经济史研究
zgshkx,中国社会科学
zgshkxyyjsyxb,中国社会科学院研究生院学报
zgsjjsjbzz,中国神经精神疾病杂志
zgsjmyxhsjbxzz,中国神经免疫学和神经病学杂志
zgsj,中国审计
zgshywzz,中国生化药物杂志
zgssnyxb,中国生态农业学报
zgswfzgmwzgswfzxb,中国生物防治（改名为：中国生物防治学报）
zgswgczz,中国生物工程杂志
zgswhxyfzswxb,中国生物化学与分子生物学报
zgswyxgcxb,中国生物医学工程学报
zgsydxxb-zrkxb,中国石油大学学报. 自然科学版
zgsyfjxzz,中国实验方剂学杂志
zgsyxyxzz,中国实验血液学杂志
zgsyekzz,中国实用儿科杂志
zgsyfkyckzz,中国实用妇科与产科杂志
zgsyhlzz,中国实用护理杂志
zgsynkzz,中国实用内科杂志
zgsywkzz,中国实用外科杂志
zgsyykzz,中国实用眼科杂志
zgsptjj,中国食品添加剂
zgspwszz,中国食品卫生杂志
zgspxb,中国食品学报
zgsyj,中国史研究
zgsykx,中国兽医科学
zgsyxb,中国兽医学报
zgsyzz,中国兽医杂志
zgsf,中国书法
zgsxzz,中国输血杂志
zgsc,中国蔬菜
zgsckx,中国水产科学
zgsdkx,中国水稻科学
zgsl,中国饲料
zgsl,中国塑料
zgtnbzz,中国糖尿病杂志
zgtc,中国陶瓷
zgtsshzyyj,中国特色社会主义研究
zgtsjy,中国特殊教育
zgttyxzz,中国疼痛医学杂志
zgtykj,中国体育科技
zgdwp,中国调味品
zgtdkx,中国铁道科学
zgtj,中国统计
zgtsgxb,中国图书馆学报
zgtxtxxb,中国图象图形学报
zgtd,中国土地
zgtdkx,中国土地科学
zgtryfl,中国土壤与肥料
zgwy,中国外语
zgwzbjjyx,中国危重病急救医学
zgwsjyzz,中国卫生检验杂志
zgwsjj,中国卫生经济
zgwssygl,中国卫生事业管理
zgwstj,中国卫生统计
zgwhyj,中国文化研究
zgwxyj,中国文学研究
zgxtxb,中国稀土学报
zgxj,中国戏剧
zgxdwxyjck,中国现代文学研究丛刊
zgxdyxzz,中国现代医学杂志
zgxdxzz,中国消毒学杂志
zgxlwszz,中国心理卫生杂志
zgxyylczz,中国新药与临床杂志
zgxyzz,中国新药杂志
zgxsfzz,中国刑事法杂志
zgxwyxkxgmwzhxwyxynkxzz,中国行为医学科学（改名为：中华行为医学与脑科学杂志）
zgxzgl,中国行政管理
zgxfzjwkzz,中国修复重建外科杂志
zgxmsy,中国畜牧兽医
zgxmzz,中国畜牧杂志
zgxxws,中国学校卫生
zgxhzz,中国循环杂志
zgycxb,中国烟草学报
zgykdxxb,中国药科大学学报
zgylxtb,中国药理学通报
zgylxydlxzz,中国药理学与毒理学杂志
zgyxzz,中国药学杂志
zgykdxxb,中国医科大学学报
zgyxjsjcxzz,中国医学计算机成像杂志
zgyxkxyxb,中国医学科学院学报
zgyxyxjs,中国医学影像技术
zgyxyxxzz,中国医学影像学杂志
zgyygyzz,中国医药工业杂志
zgyyyxzz,中国医院药学杂志
zgyl,中国音乐
zgylx,中国音乐学
zgylzwxb,中国油料作物学报
zgyz,中国油脂
zgysjsxb,中国有色金属学报
zgyw,中国语文
zgyfsyxb,中国预防兽医学报
zgyl,中国园林
zgycjy,中国远程教育
zgydyxzz,中国运动医学杂志
zgcx,中国藏学
zgzc,中国造船
zgzz,中国造纸
zgzzxb,中国造纸学报
zgzq,中国沼气
zgzxs,中国哲学史
zgzz,中国针炙
zgzyjsjy,中国职业技术教育
zgzyyx,中国职业医学
zgzbdk,中国植保导刊
zgzxyjhjjzz,中国中西医结合急救杂志
zgzxyjhzz,中国中西医结合杂志
zgzyzz,中国中药杂志
zgzyjcyxzz,中国中医基础医学杂志
zgzllc,中国肿瘤临床
zgzlswzlzz,中国肿瘤生物治疗杂志
zgzchjs,中国注册会计师
zgzj,中国宗教
zgzj,中国作家
zhblxzz,中华病理学杂志
zhcsyxxzz,中华超声影像学杂志
zhcrbzz,中华传染病杂志
zhcsgkzz,中华创伤骨科杂志
zhcszz,中华创伤杂志
zhekzz,中华儿科杂志
zhebyhtjwkzz,中华耳鼻咽喉头颈外科杂志
zhekxzz,中华耳科学杂志
zhfsxzz,中华放射学杂志
zhfsyxyfhzz,中华放射医学与防护杂志
zhfszlxzz,中华放射肿瘤学杂志
zhfsbxzz,中华风湿病学杂志
zhfckzz,中华妇产科杂志
zhgdwkzz,中华肝胆外科杂志
zhgzbzz,中华肝脏病杂志
zhgxyzz,中华高血压杂志
zhgkzz,中华骨科杂志
zhhhyxygqyyxzz,中华航海医学与高气压医学杂志
zhhyxzz,中华核医学杂志
zhhlzz,中华护理杂志
zhjzyxzz,中华急诊医学杂志
zhjbkzzz,中华疾病控制杂志
zhjyyxzz,中华检验医学杂志
zhjhhhxzz,中华结核和呼吸杂志
zhjskzz,中华精神科杂志
zhkqyxzz,中华口腔医学杂志
zhldwszybzz,中华劳动卫生职业病杂志
zhlnxnxgbzz,中华老年心脑血管病杂志
zhlnyxzz,中华老年医学杂志
zhlxbxzz,中华流行病学杂志
zhmzxzz,中华麻醉学杂志
zhmnwkzz,中华泌尿外科杂志
zhnfmdxzz,中华内分泌代谢杂志
zhnkzz,中华内科杂志
zhpfkzz,中华皮肤科杂志
zhptwkzz,中华普通外科杂志
zhqgyzzz,中华器官移植杂志
zhsszz,中华烧伤杂志
zhsjkzz,中华神经科杂志
zhsjwkzz,中华神经外科杂志
zhsjyxzz,中华神经医学杂志
zhszbzz,中华肾脏病杂志
zhsywkzz,中华实验外科杂志
zhswkzz,中华手外科杂志
zhwkzz,中华外科杂志
zhwswxhmyxzz,中华微生物学和免疫学杂志
zhwcyxzz,中华围产医学杂志
zhwhls,中华文化论坛
zhwlyxykfzz,中华物理医学与康复杂志
zhxwwkzz,中华显微外科杂志
zhxhwkzz,中华消化外科杂志
zhxhzz,中华消化杂志
zhxewkzz,中华小儿外科杂志
zhxxgbzz,中华心血管病杂志
zhxxxgwkzz,中华胸心血管外科杂志
zhxyxzz,中华血液学杂志
zhydbzz,中华眼底病杂志
zhykzz,中华眼科杂志
zhyxycxzz,中华医学遗传学杂志
zhyxzz,中华医学杂志
zhyygrxzz,中华医院感染学杂志
zhyyglzz,中华医院管理杂志
zhyfyxzz,中华预防医学杂志
zhzxwkzz,中华整型外科杂志
zhzyyzz,中华中医药杂志
zhzlfzzz,中华肿瘤防治杂志
zhzlzz,中华肿瘤杂志
zncjzfdxxb,中南财经政法大学学报
zndxxb-yxb,中南大学学报. 医学版
zndxxb-zrkxb,中南大学学报. 自然科学版
znlykjdxxb,中南林业科技大学学报
znmzdxxb-rwshkxb,中南民族大学学报. 人文社会科学版
zsdxxb-shkxb,中山大学学报. 社会科学版
zsdxxb-yxkxb,中山大学学报. 医学科学版
zsdxxb-zrkxb,中山大学学报. 自然科学版
zwfx,中外法学
zwgl,中外公路
zwxxxb,中文信息学报
zxxgl,中小学管理
zxxwyjx-zxp,中小学外语教学. 中学篇
zxxyyjxyyj,中小学英语教学与研究
zxdljxck,中学地理教学参考
zxswjx,中学生物教学
zxsxjxck,中学数学教学参考
zxwljxck,中学物理教学参考
zxywjx,中学语文教学
zxywjxck,中学语文教学参考
zxzzjxck,中学政治教学参考
zycjdxxb,中央财经大学学报
zymzdxxb-zxshkxb,中央民族大学学报. 哲学社会科学版
zyshzyxyxb,中央社会主义学院学报
zyylxyxb,中央音乐学院学报
zyc,中药材
zyxyylcyl,中药新药与临床药理
zyylylc,中药药理与临床
zyzz,中医杂志
zyww,中原文物
zzxk,中州学刊
zs,钟山
zl,肿瘤
zlfzyj,肿瘤防治研究
zz,种子
zyyj,周易研究
zc,轴承
zzyjhk,竹子研究汇刊
zz,铸造
zzjs,铸造技术
zs,装饰
zykx,资源科学
zdhxb,自动化学报
zdhyb,自动化仪表
zdhyyb,自动化与仪表
zrbzftx,自然辩证法通讯
zrbzfyj,自然辩证法研究
zrkxsyj,自然科学史研究
zrzz,自然杂志
zrzhxb,自然灾害学报
zrzyxb,自然资源学报
zjxyj,宗教学研究
zhjcyzdhjgjs,组合机床与自动化加工技术
zcgy,钻采工艺
zjyywjy,钻井液与完井液
zj,作家
zwxb,作物学报
zwzz,作物杂志
