"","x"
"1","shjr"
"2","jdyj"
"3","wyywyjx"
"4","dsyy"
"5","jhxk"
"6","dqsyxyxb"
"7","gncl"
"8","njhyj"
"9","lxxb"
"10","gfzclkxygc"
"11","xsj"
"12","mzyw"
"13","jsrcl"
"14","jxsyhg"
"15","yc"
"16","bpqc"
"17","hnsfdxxb-zxshkxb"
"18","shxj"
"19","dyyjykf"
"20","sxyk"
"21","cbgj"
"22","glpl"
"23","jryjj"
"24","zjjr"
"25","jxgcxb"
"26","zxxgl"
"27","xwjz"
"28","zgyl"
"29","gdnykx"
"30","zzjsyjc"
"31","yysx"
"32","clbh"
"33","bdtgd"
"34","dskgjt"
"35","xyjs"
"36","zdgcxb"
"37","hpfsykzxb"
"38","jykxyj"
"39","xmysy"
"40","zrzyxb"
"41","yqdzycsl"
"42","ywjs"
"43","xqys"
"44","gjjyxzxyxb"
"45","nykg"
"46","syxb"
"47","lsjxwt"
"48","tjshkx"
"49","zgycxb"
"50","hbnydxxb"
"51","znmzdxxb-rwshkxb"
"52","jxhg"
"53","zglcylxzz"
"54","fhdd"
"55","xfjj"
"56","zgxmzz"
"57","ygjsyyy"
"58","zhcrbzz"
"59","rmhh"
"60","ytlx"
"61","xdyfyx"
"62","ksjx"
"63","syfckzz"
"64","zgtykj"
"65","ddsjyshzy"
"66","sjqt"
"67","yyxdh"
"68","xzfxyj"
"69","kxxyj"
"70","zgxyzz"
"71","nyjsjj"
"72","tsg"
"73","gcrwlxb"
"74","qljjs"
"75","jsxzxyxb"
"76","lcjyzz"
"77","gdyx"
"78","sdxb"
"79","ltjx"
"80","tjyy"
"81","cjlyzyyhj"
"82","xwyyjsjy"
"83","sxzx"
"84","dagl"
"85","kxyy"
"86","dyys"
"87","gzzyydxxb"
"88","myxzz"
"89","zggyyxzz"
"90","fxcsxb"
"91","hxjy"
"92","zgykdxxb"
"93","sjyjjyj"
"94","gzmzyj"
"95","hjhx"
"96","xspl"
"97","wbxb"
"98","gdshkx"
"99","bjshkx"
"100","szgygy"
"101","zgbmgc"
"102","syxb-syjg"
"103","yykxxb"
"104","gctxxb"
"105","jxnydxxb"
"106","sxlljydk"
"107","zgshjjsyj"
"108","fmyjgy"
"109","wjhxxb"
"110","mz"
"111","zgswhxyfzswxb"
"112","zyww"
"113","hnt"
"114","kfsd"
"115","qbxb"
"116","gyscl"
"117","slsdjs"
"118","gsshkx"
"119","ghs"
"120","kzyjc"
"121","bjxk"
"122","zgysjsxb"
"123","jxqd"
"124","jqr"
"125","hbshkx"
"126","xdsljgyy"
"127","zxywjx"
"128","hebykdxxb"
"129","gssxb"
"130","dzqj"
"131","zjyywjy"
"132","szbytxsyzzz"
"133","ybjsycgq"
"134","zgwzbjjyx"
"135","gsyxb"
"136","dejydxxb"
"137","gt"
"138","hbjmdxxb"
"139","gcslyy"
"140","rddl"
"141","syjsygl"
"142","zgrc"
"143","lykx"
"144","dzkjqb"
"145","dnxs"
"146","xtgcllysj"
"147","kyyjykf"
"148","zgnbsj"
"149","gtlxxb"
"150","bjxzxyxb"
