,urlbase,url
2,ahnydxxb,http://c.wanfangdata.com.cn/Periodical-ahnydxxb.aspx
3,ahsx,http://c.wanfangdata.com.cn/Periodical-ahsx.aspx
4,ahykdxxb,http://c.wanfangdata.com.cn/Periodical-ahykdxxb.aspx
5,aqyhjxb,http://c.wanfangdata.com.cn/Periodical-aqyhjxb.aspx
6,bdtgd,http://c.wanfangdata.com.cn/Periodical-bdtgd.aspx
7,bdtjs,http://c.wanfangdata.com.cn/Periodical-bdtjs.aspx
8,bzgc,http://c.wanfangdata.com.cn/Periodical-bzgc.aspx
9,bp,http://c.wanfangdata.com.cn/Periodical-bp.aspx
10,bpqc,http://c.wanfangdata.com.cn/Periodical-bpqc.aspx
11,bzycj,http://c.wanfangdata.com.cn/Periodical-bzycj.aspx
12,bflc,http://c.wanfangdata.com.cn/Periodical-bflc.aspx
13,bfww,http://c.wanfangdata.com.cn/Periodical-bfww.aspx
14,bfyy,http://c.wanfangdata.com.cn/Periodical-bfyy.aspx
15,bjdxjypl,http://c.wanfangdata.com.cn/Periodical-bjdxjypl.aspx
16,bjda,http://c.wanfangdata.com.cn/Periodical-bjda.aspx
17,bjdyxyxb,http://c.wanfangdata.com.cn/Periodical-bjdyxyxb.aspx
18,bjgydxxb,http://c.wanfangdata.com.cn/Periodical-bjgydxxb.aspx
19,bjhkhtdxxb,http://c.wanfangdata.com.cn/Periodical-bjhkhtdxxb.aspx
20,bjkjdxxb,http://c.wanfangdata.com.cn/Periodical-bjkjdxxb.aspx
21,bjlgdxxb,http://c.wanfangdata.com.cn/Periodical-bjlgdxxb.aspx
22,bjlydxxb,http://c.wanfangdata.com.cn/Periodical-bjlydxxb.aspx
23,bjshkx,http://c.wanfangdata.com.cn/Periodical-bjshkx.aspx
24,bjtydxxb,http://c.wanfangdata.com.cn/Periodical-bjtydxxb.aspx
25,bjwx,http://c.wanfangdata.com.cn/Periodical-bjwx.aspx
26,bjwdxyxb,http://c.wanfangdata.com.cn/Periodical-bjwdxyxb.aspx
27,bjxzxyxb,http://c.wanfangdata.com.cn/Periodical-bjxzxyxb.aspx
28,bjzyydxxb,http://c.wanfangdata.com.cn/Periodical-bjzyydxxb.aspx
29,bjfyj,http://c.wanfangdata.com.cn/Periodical-bjfyj.aspx
30,bjjyyj,http://c.wanfangdata.com.cn/Periodical-bjjyyj.aspx
31,bjxb,http://c.wanfangdata.com.cn/Periodical-bjxb.aspx
32,bjxk,http://c.wanfangdata.com.cn/Periodical-bjxk.aspx
33,bjzy,http://c.wanfangdata.com.cn/Periodical-bjzy.aspx
34,byq,http://c.wanfangdata.com.cn/Periodical-byq.aspx
35,bmjs,http://c.wanfangdata.com.cn/Periodical-bmjs.aspx
36,bcdt,http://c.wanfangdata.com.cn/Periodical-bcdt.aspx
37,bgxb,http://c.wanfangdata.com.cn/Periodical-bgxb.aspx
38,bqclkxygc,http://c.wanfangdata.com.cn/Periodical-bqclkxygc.aspx
39,bdxb,http://c.wanfangdata.com.cn/Periodical-bdxb.aspx
40,bpxzz,http://c.wanfangdata.com.cn/Periodical-bpxzz.aspx
41,blg/fhcl,http://c.wanfangdata.com.cn/Periodical-blg/fhcl.aspx
42,clbh,http://c.wanfangdata.com.cn/Periodical-clbh.aspx
43,clgc,http://c.wanfangdata.com.cn/Periodical-clgc.aspx
44,clkxygy,http://c.wanfangdata.com.cn/Periodical-clkxygy.aspx
45,clyjxb,http://c.wanfangdata.com.cn/Periodical-clyjxb.aspx
46,clyyjxb,http://c.wanfangdata.com.cn/Periodical-clyyjxb.aspx
47,cjkx,http://c.wanfangdata.com.cn/Periodical-cjkx.aspx
48,cjllysj,http://c.wanfangdata.com.cn/Periodical-cjllysj.aspx
49,cjlc,http://c.wanfangdata.com.cn/Periodical-cjlc.aspx
50,cjwtyj,http://c.wanfangdata.com.cn/Periodical-cjwtyj.aspx
51,cjyj,http://c.wanfangdata.com.cn/Periodical-cjyj.aspx
52,cmjj,http://c.wanfangdata.com.cn/Periodical-cmjj.aspx
53,cmyj,http://c.wanfangdata.com.cn/Periodical-cmyj.aspx
54,cykx,http://c.wanfangdata.com.cn/Periodical-cykx.aspx
55,cdxb,http://c.wanfangdata.com.cn/Periodical-cdxb.aspx
56,cykx,http://c.wanfangdata.com.cn/Periodical-cykx.aspx
57,chkx,http://c.wanfangdata.com.cn/Periodical-chkx.aspx
58,chtb,http://c.wanfangdata.com.cn/Periodical-chtb.aspx
59,chxb,http://c.wanfangdata.com.cn/Periodical-chxb.aspx
60,cjjs,http://c.wanfangdata.com.cn/Periodical-cjjs.aspx
61,ckjs,http://c.wanfangdata.com.cn/Periodical-ckjs.aspx
62,cykx,http://c.wanfangdata.com.cn/Periodical-cykx.aspx
63,cyjjyj,http://c.wanfangdata.com.cn/Periodical-cyjjyj.aspx
64,cjkxyyb,http://c.wanfangdata.com.cn/Periodical-cjkxyyb.aspx
65,cjlyzyyhj,http://c.wanfangdata.com.cn/Periodical-cjlyzyyhj.aspx
66,cjwy,http://c.wanfangdata.com.cn/Periodical-cjwy.aspx
67,cwycnyy,http://c.wanfangdata.com.cn/Periodical-cwycnyy.aspx
68,cyfdj,http://c.wanfangdata.com.cn/Periodical-cyfdj.aspx
69,cjxb,http://c.wanfangdata.com.cn/Periodical-cjxb.aspx
70,cdtyxyxb,http://c.wanfangdata.com.cn/Periodical-cdtyxyxb.aspx
71,csfzyj,http://c.wanfangdata.com.cn/Periodical-csfzyj.aspx
72,csgh,http://c.wanfangdata.com.cn/Periodical-csgh.aspx
73,csgdjtyj,http://c.wanfangdata.com.cn/Periodical-csgdjtyj.aspx
74,cswt,http://c.wanfangdata.com.cn/Periodical-cswt.aspx
75,cbfxyj,http://c.wanfangdata.com.cn/Periodical-cbfxyj.aspx
76,cbgj,http://c.wanfangdata.com.cn/Periodical-cbgj.aspx
77,cbkx,http://c.wanfangdata.com.cn/Periodical-cbkx.aspx
78,cgjsxb,http://c.wanfangdata.com.cn/Periodical-cgjsxb.aspx
79,cm,http://c.wanfangdata.com.cn/Periodical-cm.aspx
80,cbgc,http://c.wanfangdata.com.cn/Periodical-cbgc.aspx
81,cblx,http://c.wanfangdata.com.cn/Periodical-cblx.aspx
82,csyj,http://c.wanfangdata.com.cn/Periodical-csyj.aspx
83,cxcljqj,http://c.wanfangdata.com.cn/Periodical-cxcljqj.aspx
84,chxb,http://c.wanfangdata.com.cn/Periodical-chxb.aspx
85,ddgzyckx,http://c.wanfangdata.com.cn/Periodical-ddgzyckx.aspx
86,ddjjs,http://c.wanfangdata.com.cn/Periodical-ddjjs.aspx
87,ddkx,http://c.wanfangdata.com.cn/Periodical-ddkx.aspx
88,dlhsdxxb,http://c.wanfangdata.com.cn/Periodical-dlhsdxxb.aspx
89,dllgdxxb,http://c.wanfangdata.com.cn/Periodical-dllgdxxb.aspx
90,dqkx,http://c.wanfangdata.com.cn/Periodical-dqkx.aspx
91,dqsydzykf,http://c.wanfangdata.com.cn/Periodical-dqsydzykf.aspx
92,dqsyxyxb,http://c.wanfangdata.com.cn/Periodical-dqsyxyxb.aspx
93,dxjykx,http://c.wanfangdata.com.cn/Periodical-dxjykx.aspx
94,dxtsgxb,http://c.wanfangdata.com.cn/Periodical-dxtsgxb.aspx
95,dxwl,http://c.wanfangdata.com.cn/Periodical-dxwl.aspx
96,dsyy,http://c.wanfangdata.com.cn/Periodical-dsyy.aspx
97,ddxb,http://c.wanfangdata.com.cn/Periodical-ddxb.aspx
98,djyzdxb,http://c.wanfangdata.com.cn/Periodical-djyzdxb.aspx
99,ddcj,http://c.wanfangdata.com.cn/Periodical-ddcj.aspx
100,ddcb,http://c.wanfangdata.com.cn/Periodical-ddcb.aspx
101,ddfx,http://c.wanfangdata.com.cn/Periodical-ddfx.aspx
102,ddjjkx,http://c.wanfangdata.com.cn/Periodical-ddjjkx.aspx
103,ddjjyj,http://c.wanfangdata.com.cn/Periodical-ddjjyj.aspx
104,ddsjshzywt,http://c.wanfangdata.com.cn/Periodical-ddsjshzywt.aspx
105,ddsjyshzy,http://c.wanfangdata.com.cn/Periodical-ddsjyshzy.aspx
106,ddwgwx,http://c.wanfangdata.com.cn/Periodical-ddwgwx.aspx
107,ddyyx,http://c.wanfangdata.com.cn/Periodical-ddyyx.aspx
108,ddzgsyj,http://c.wanfangdata.com.cn/Periodical-ddzgsyj.aspx
109,ddwx,http://c.wanfangdata.com.cn/Periodical-ddwx.aspx
110,dsyjyjx,http://c.wanfangdata.com.cn/Periodical-dsyjyjx.aspx
111,dagl,http://c.wanfangdata.com.cn/Periodical-dagl.aspx
112,daxyj,http://c.wanfangdata.com.cn/Periodical-daxyj.aspx
113,dayjs,http://c.wanfangdata.com.cn/Periodical-dayjs.aspx
114,ddyhtyzjs,http://c.wanfangdata.com.cn/Periodical-ddyhtyzjs.aspx
115,ddywm,http://c.wanfangdata.com.cn/Periodical-ddywm.aspx
116,dgyj,http://c.wanfangdata.com.cn/Periodical-dgyj.aspx
117,dwgc,http://c.wanfangdata.com.cn/Periodical-dwgc.aspx
118,dwwlxb,http://c.wanfangdata.com.cn/Periodical-dwwlxb.aspx
119,dwycd,http://c.wanfangdata.com.cn/Periodical-dwycd.aspx
120,dcxzz,http://c.wanfangdata.com.cn/Periodical-dcxzz.aspx
121,dfczyj,http://c.wanfangdata.com.cn/Periodical-dfczyj.aspx
122,dlkx,http://c.wanfangdata.com.cn/Periodical-dlkx.aspx
123,dlkxjz,http://c.wanfangdata.com.cn/Periodical-dlkxjz.aspx
124,dlxb,http://c.wanfangdata.com.cn/Periodical-dlxb.aspx
125,dlyj,http://c.wanfangdata.com.cn/Periodical-dlyj.aspx
126,dqhx,http://c.wanfangdata.com.cn/Periodical-dqhx.aspx
127,dqkx,http://c.wanfangdata.com.cn/Periodical-dqkx.aspx
128,dqkxjz,http://c.wanfangdata.com.cn/Periodical-dqkxjz.aspx
129,dqwlxb,http://c.wanfangdata.com.cn/Periodical-dqwlxb.aspx
130,dqwlxjz,http://c.wanfangdata.com.cn/Periodical-dqwlxjz.aspx
131,dqxb,http://c.wanfangdata.com.cn/Periodical-dqxb.aspx
132,dxqy,http://c.wanfangdata.com.cn/Periodical-dxqy.aspx
133,dyyjykf,http://c.wanfangdata.com.cn/Periodical-dyyjykf.aspx
134,dzdz,http://c.wanfangdata.com.cn/Periodical-dzdz.aspx
135,dzgcygczd,http://c.wanfangdata.com.cn/Periodical-dzgcygczd.aspx
136,dzyj,http://c.wanfangdata.com.cn/Periodical-dzyj.aspx
137,dzkjqb,http://c.wanfangdata.com.cn/Periodical-dzkjqb.aspx
138,dzkx,http://c.wanfangdata.com.cn/Periodical-dzkx.aspx
139,dzlp,http://c.wanfangdata.com.cn/Periodical-dzlp.aspx
140,dejydxxb,http://c.wanfangdata.com.cn/Periodical-dejydxxb.aspx
141,dsjydxxb,http://c.wanfangdata.com.cn/Periodical-dsjydxxb.aspx
142,dsjyj,http://c.wanfangdata.com.cn/Periodical-dsjyj.aspx
143,dbkxxb,http://c.wanfangdata.com.cn/Periodical-dbkxxb.aspx
144,dcyyb,http://c.wanfangdata.com.cn/Periodical-dcyyb.aspx
145,dc,http://c.wanfangdata.com.cn/Periodical-dc.aspx
146,dcblq,http://c.wanfangdata.com.cn/Periodical-dcblq.aspx
147,ddyhb,http://c.wanfangdata.com.cn/Periodical-ddyhb.aspx
148,ddyts,http://c.wanfangdata.com.cn/Periodical-ddyts.aspx
149,dgjsxb,http://c.wanfangdata.com.cn/Periodical-dgjsxb.aspx
150,dgykz,http://c.wanfangdata.com.cn/Periodical-dgykz.aspx
151,dhj,http://c.wanfangdata.com.cn/Periodical-dhj.aspx
152,dhx,http://c.wanfangdata.com.cn/Periodical-dhx.aspx
153,djykzxb,http://c.wanfangdata.com.cn/Periodical-djykzxb.aspx
154,dldzjs,http://c.wanfangdata.com.cn/Periodical-dldzjs.aspx
155,dlxtjqzdhxb,http://c.wanfangdata.com.cn/Periodical-dlxtjqzdhxb.aspx
156,dlxtzdh,http://c.wanfangdata.com.cn/Periodical-dlxtzdh.aspx
157,dlzdhsb,http://c.wanfangdata.com.cn/Periodical-dlzdhsb.aspx
158,dlyxtxb,http://c.wanfangdata.com.cn/Periodical-dlyxtxb.aspx
159,dqcd,http://c.wanfangdata.com.cn/Periodical-dqcd.aspx
160,dsjs,http://c.wanfangdata.com.cn/Periodical-dsjs.aspx
161,dwjs,http://c.wanfangdata.com.cn/Periodical-dwjs.aspx
162,dxkx,http://c.wanfangdata.com.cn/Periodical-dxkx.aspx
163,dxjs,http://c.wanfangdata.com.cn/Periodical-dxjs.aspx
164,dywx,http://c.wanfangdata.com.cn/Periodical-dywx.aspx
165,dyxz,http://c.wanfangdata.com.cn/Periodical-dyxz.aspx
166,dyys,http://c.wanfangdata.com.cn/Periodical-dyys.aspx
167,dyjs,http://c.wanfangdata.com.cn/Periodical-dyjs.aspx
168,dzxtgc,http://c.wanfangdata.com.cn/Periodical-dzxtgc.aspx
169,dzjsyy,http://c.wanfangdata.com.cn/Periodical-dzjsyy.aspx
170,dzkjdxxb,http://c.wanfangdata.com.cn/Periodical-dzkjdxxb.aspx
171,dzqj,http://c.wanfangdata.com.cn/Periodical-dzqj.aspx
172,dzyjycl,http://c.wanfangdata.com.cn/Periodical-dzyjycl.aspx
173,dbdxxb-shkxb,http://c.wanfangdata.com.cn/Periodical-dbdxxb-shkxb.aspx
174,dblydxxb,http://c.wanfangdata.com.cn/Periodical-dblydxxb.aspx
175,dbnydxxb,http://c.wanfangdata.com.cn/Periodical-dbnydxxb.aspx
176,djxk,http://c.wanfangdata.com.cn/Periodical-djxk.aspx
177,dnwh,http://c.wanfangdata.com.cn/Periodical-dnwh.aspx
178,dnxs,http://c.wanfangdata.com.cn/Periodical-dnxs.aspx
179,dnyyj,http://c.wanfangdata.com.cn/Periodical-dnyyj.aspx
180,dylc,http://c.wanfangdata.com.cn/Periodical-dylc.aspx
181,dwxyj,http://c.wanfangdata.com.cn/Periodical-dwxyj.aspx
182,dwxzz,http://c.wanfangdata.com.cn/Periodical-dwxzz.aspx
183,dwyxjz,http://c.wanfangdata.com.cn/Periodical-dwyxjz.aspx
184,dwyyxb,http://c.wanfangdata.com.cn/Periodical-dwyyxb.aspx
185,dskgjt,http://c.wanfangdata.com.cn/Periodical-dskgjt.aspx
186,ds,http://c.wanfangdata.com.cn/Periodical-ds.aspx
187,dyjs,http://c.wanfangdata.com.cn/Periodical-dyjs.aspx
188,dwjmsw,http://c.wanfangdata.com.cn/Periodical-dwjmsw.aspx
189,dhxjk,http://c.wanfangdata.com.cn/Periodical-dhxjk.aspx
190,dhyj,http://c.wanfangdata.com.cn/Periodical-dhyj.aspx
191,elsyj,http://c.wanfangdata.com.cn/Periodical-elsyj.aspx
192,elszydoyj,http://c.wanfangdata.com.cn/Periodical-elszydoyj.aspx
193,fgxb,http://c.wanfangdata.com.cn/Periodical-fgxb.aspx
194,flkx,http://c.wanfangdata.com.cn/Periodical-flkx.aspx
195,fxj,http://c.wanfangdata.com.cn/Periodical-fxj.aspx
196,fxzz,http://c.wanfangdata.com.cn/Periodical-fxzz.aspx
197,fzdb,http://c.wanfangdata.com.cn/Periodical-fzdb.aspx
198,fzxb,http://c.wanfangdata.com.cn/Periodical-fzxb.aspx
199,fhdd,http://c.wanfangdata.com.cn/Periodical-fhdd.aspx
200,fxlx,http://c.wanfangdata.com.cn/Periodical-fxlx.aspx
201,fjsk,http://c.wanfangdata.com.cn/Periodical-fjsk.aspx
202,fxcsxb,http://c.wanfangdata.com.cn/Periodical-fxcsxb.aspx
203,fxhx,http://c.wanfangdata.com.cn/Periodical-fxhx.aspx
204,fxkxxb,http://c.wanfangdata.com.cn/Periodical-fxkxxb.aspx
205,fxsys,http://c.wanfangdata.com.cn/Periodical-fxsys.aspx
206,fzch,http://c.wanfangdata.com.cn/Periodical-fzch.aspx
207,fzkxxb,http://c.wanfangdata.com.cn/Periodical-fzkxxb.aspx
208,fzzwyz,http://c.wanfangdata.com.cn/Periodical-fzzwyz.aspx
209,fmyjclkxygc,http://c.wanfangdata.com.cn/Periodical-fmyjclkxygc.aspx
210,fmyjgy,http://c.wanfangdata.com.cn/Periodical-fmyjgy.aspx
211,fmyjjs,http://c.wanfangdata.com.cn/Periodical-fmyjjs.aspx
212,fjlxyxb,http://c.wanfangdata.com.cn/Periodical-fjlxyxb.aspx
213,fjlykj,http://c.wanfangdata.com.cn/Periodical-fjlykj.aspx
214,fzdxxb-zxshkxb,http://c.wanfangdata.com.cn/Periodical-fzdxxb-zxshkxb.aspx
215,fsfh,http://c.wanfangdata.com.cn/Periodical-fsfh.aspx
216,fskxyfhjs,http://c.wanfangdata.com.cn/Periodical-fskxyfhjs.aspx
217,fsyfh,http://c.wanfangdata.com.cn/Periodical-fsyfh.aspx
218,fnyjlc,http://c.wanfangdata.com.cn/Periodical-fnyjlc.aspx
219,fdxb-shkxb,http://c.wanfangdata.com.cn/Periodical-fdxb-shkxb.aspx
220,fhclxb,http://c.wanfangdata.com.cn/Periodical-fhclxb.aspx
221,fzxtyfzxkx,http://c.wanfangdata.com.cn/Periodical-fzxtyfzxkx.aspx
222,gg,http://c.wanfangdata.com.cn/Periodical-gg.aspx
223,ghdqnyyj,http://c.wanfangdata.com.cn/Periodical-ghdqnyyj.aspx
224,ghqdl,http://c.wanfangdata.com.cn/Periodical-ghqdl.aspx
225,ghqyj,http://c.wanfangdata.com.cn/Periodical-ghqyj.aspx
226,ghqzyyhj,http://c.wanfangdata.com.cn/Periodical-ghqzyyhj.aspx
227,gsnydxxb,http://c.wanfangdata.com.cn/Periodical-gsnydxxb.aspx
228,gsshkx,http://c.wanfangdata.com.cn/Periodical-gsshkx.aspx
229,gszfxyxb,http://c.wanfangdata.com.cn/Periodical-gszfxyxb.aspx
230,gt,http://c.wanfangdata.com.cn/Periodical-gt.aspx
231,gtyjxb,http://c.wanfangdata.com.cn/Periodical-gtyjxb.aspx
232,gdgcjyyj,http://c.wanfangdata.com.cn/Periodical-gdgcjyyj.aspx
233,gdnyjy,http://c.wanfangdata.com.cn/Periodical-gdnyjy.aspx
234,gdxxhxxb,http://c.wanfangdata.com.cn/Periodical-gdxxhxxb.aspx
235,gdxxjssxxb,http://c.wanfangdata.com.cn/Periodical-gdxxjssxxb.aspx
236,gdyjs,http://c.wanfangdata.com.cn/Periodical-gdyjs.aspx
237,gfzclkxygc,http://c.wanfangdata.com.cn/Periodical-gfzclkxygc.aspx
238,gfztb,http://c.wanfangdata.com.cn/Periodical-gfztb.aspx
239,gfzxb,http://c.wanfangdata.com.cn/Periodical-gfzxb.aspx
240,gxdzxb,http://c.wanfangdata.com.cn/Periodical-gxdzxb.aspx
241,gxhxgcxb,http://c.wanfangdata.com.cn/Periodical-gxhxgcxb.aspx
242,gxllzx,http://c.wanfangdata.com.cn/Periodical-gxllzx.aspx
243,gydq,http://c.wanfangdata.com.cn/Periodical-gydq.aspx
244,gywlxb,http://c.wanfangdata.com.cn/Periodical-gywlxb.aspx
245,gyqx,http://c.wanfangdata.com.cn/Periodical-gyqx.aspx
246,gcbp,http://c.wanfangdata.com.cn/Periodical-gcbp.aspx
247,gcdzxb,http://c.wanfangdata.com.cn/Periodical-gcdzxb.aspx
248,gclx,http://c.wanfangdata.com.cn/Periodical-gclx.aspx
249,gcrwlxb,http://c.wanfangdata.com.cn/Periodical-gcrwlxb.aspx
250,gcsxxb,http://c.wanfangdata.com.cn/Periodical-gcsxxb.aspx
251,gcslyy,http://c.wanfangdata.com.cn/Periodical-gcslyy.aspx
252,gctxxb,http://c.wanfangdata.com.cn/Periodical-gctxxb.aspx
253,gygc,http://c.wanfangdata.com.cn/Periodical-gygc.aspx
254,gygcygl,http://c.wanfangdata.com.cn/Periodical-gygcygl.aspx
255,gyjsjj,http://c.wanfangdata.com.cn/Periodical-gyjsjj.aspx
256,gyjz,http://c.wanfangdata.com.cn/Periodical-gyjz.aspx
257,gyscl,http://c.wanfangdata.com.cn/Periodical-gyscl.aspx
258,gywsyzyb,http://c.wanfangdata.com.cn/Periodical-gywsyzyb.aspx
259,ggglxb,http://c.wanfangdata.com.cn/Periodical-ggglxb.aspx
260,gl,http://c.wanfangdata.com.cn/Periodical-gl.aspx
261,gljtkj,http://c.wanfangdata.com.cn/Periodical-gljtkj.aspx
262,gncl,http://c.wanfangdata.com.cn/Periodical-gncl.aspx
263,gnclyqjxb,http://c.wanfangdata.com.cn/Periodical-gnclyqjxb.aspx
264,gngfzxb,http://c.wanfangdata.com.cn/Periodical-gngfzxb.aspx
265,gdlxb,http://c.wanfangdata.com.cn/Periodical-gdlxb.aspx
266,gjzlyjxk,http://c.wanfangdata.com.cn/Periodical-gjzlyjxk.aspx
267,gjzdwxb,http://c.wanfangdata.com.cn/Periodical-gjzdwxb.aspx
268,gswxb,http://c.wanfangdata.com.cn/Periodical-gswxb.aspx
269,gtdzxyjyjz,http://c.wanfangdata.com.cn/Periodical-gtdzxyjyjz.aspx
270,gthjjs,http://c.wanfangdata.com.cn/Periodical-gthjjs.aspx
271,gtlxxb,http://c.wanfangdata.com.cn/Periodical-gtlxxb.aspx
272,glgcxb,http://c.wanfangdata.com.cn/Periodical-glgcxb.aspx
273,glkxxb,http://c.wanfangdata.com.cn/Periodical-glkxxb.aspx
274,glpl,http://c.wanfangdata.com.cn/Periodical-glpl.aspx
275,glsj,http://c.wanfangdata.com.cn/Periodical-glsj.aspx
276,glxdh,http://c.wanfangdata.com.cn/Periodical-glxdh.aspx
277,glxb,http://c.wanfangdata.com.cn/Periodical-glxb.aspx
278,gdgc,http://c.wanfangdata.com.cn/Periodical-gdgc.aspx
279,gdzjg,http://c.wanfangdata.com.cn/Periodical-gdzjg.aspx
280,gdzjs,http://c.wanfangdata.com.cn/Periodical-gdzjs.aspx
281,gpxygpfx,http://c.wanfangdata.com.cn/Periodical-gpxygpfx.aspx
282,gssxb,http://c.wanfangdata.com.cn/Periodical-gssxb.aspx
283,gtxjs,http://c.wanfangdata.com.cn/Periodical-gtxjs.aspx
284,gtxyj,http://c.wanfangdata.com.cn/Periodical-gtxyj.aspx
285,gxjs,http://c.wanfangdata.com.cn/Periodical-gxjs.aspx
286,gxjmgc,http://c.wanfangdata.com.cn/Periodical-gxjmgc.aspx
287,gxxb,http://c.wanfangdata.com.cn/Periodical-gxxb.aspx
288,gzxb,http://c.wanfangdata.com.cn/Periodical-gzxb.aspx
289,gdnykx,http://c.wanfangdata.com.cn/Periodical-gdnykx.aspx
290,gdsxyxb,http://c.wanfangdata.com.cn/Periodical-gdsxyxb.aspx
291,gdshkx,http://c.wanfangdata.com.cn/Periodical-gdshkx.aspx
292,gdxzxyxb,http://c.wanfangdata.com.cn/Periodical-gdxzxyxb.aspx
293,gdyx,http://c.wanfangdata.com.cn/Periodical-gdyx.aspx
294,gxmzyj,http://c.wanfangdata.com.cn/Periodical-gxmzyj.aspx
295,gxshkx,http://c.wanfangdata.com.cn/Periodical-gxshkx.aspx
296,gxzw,http://c.wanfangdata.com.cn/Periodical-gxzw.aspx
297,gztyxyxb,http://c.wanfangdata.com.cn/Periodical-gztyxyxb.aspx
298,gzzyydxxb,http://c.wanfangdata.com.cn/Periodical-gzzyydxxb.aspx
299,ghs,http://c.wanfangdata.com.cn/Periodical-ghs.aspx
300,gsytb,http://c.wanfangdata.com.cn/Periodical-gsytb.aspx
301,gsyxb,http://c.wanfangdata.com.cn/Periodical-gsyxb.aspx
302,gjs,http://c.wanfangdata.com.cn/Periodical-gjs.aspx
303,gzcjxyxb,http://c.wanfangdata.com.cn/Periodical-gzcjxyxb.aspx
304,gzmzyj,http://c.wanfangdata.com.cn/Periodical-gzmzyj.aspx
305,gznykx,http://c.wanfangdata.com.cn/Periodical-gznykx.aspx
306,gzshkx,http://c.wanfangdata.com.cn/Periodical-gzshkx.aspx
307,gljs,http://c.wanfangdata.com.cn/Periodical-gljs.aspx
308,gfkjdxxb,http://c.wanfangdata.com.cn/Periodical-gfkjdxxb.aspx
309,gjgc,http://c.wanfangdata.com.cn/Periodical-gjgc.aspx
310,gjjjhz,http://c.wanfangdata.com.cn/Periodical-gjjjhz.aspx
311,gjjjpl,http://c.wanfangdata.com.cn/Periodical-gjjjpl.aspx
312,gjmy,http://c.wanfangdata.com.cn/Periodical-gjmy.aspx
313,gjmywt,http://c.wanfangdata.com.cn/Periodical-gjmywt.aspx
314,gjswyj,http://c.wanfangdata.com.cn/Periodical-gjswyj.aspx
315,gjwtyj,http://c.wanfangdata.com.cn/Periodical-gjwtyj.aspx
316,gjjcgxyxb,http://c.wanfangdata.com.cn/Periodical-gjjcgxyxb.aspx
317,gjjyxzxyxb,http://c.wanfangdata.com.cn/Periodical-gjjyxzxyxb.aspx
318,gjtsgxk,http://c.wanfangdata.com.cn/Periodical-gjtsgxk.aspx
319,gjxzxyxb,http://c.wanfangdata.com.cn/Periodical-gjxzxyxb.aspx
320,gtzykjgl,http://c.wanfangdata.com.cn/Periodical-gtzykjgl.aspx
321,gtzyyg,http://c.wanfangdata.com.cn/Periodical-gtzyyg.aspx
322,gwshkx,http://c.wanfangdata.com.cn/Periodical-gwshkx.aspx
323,gwwx,http://c.wanfangdata.com.cn/Periodical-gwwx.aspx
324,hebgcdxxb,http://c.wanfangdata.com.cn/Periodical-hebgcdxxb.aspx
325,hebgydxxb,http://c.wanfangdata.com.cn/Periodical-hebgydxxb.aspx
326,hebykdxxb,http://c.wanfangdata.com.cn/Periodical-hebykdxxb.aspx
327,hjgcdxxb,http://c.wanfangdata.com.cn/Periodical-hjgcdxxb.aspx
328,hxyqdz,http://c.wanfangdata.com.cn/Periodical-hxyqdz.aspx
329,hydzydsjdz,http://c.wanfangdata.com.cn/Periodical-hydzydsjdz.aspx
330,hygc,http://c.wanfangdata.com.cn/Periodical-hygc.aspx
331,hyhztb,http://c.wanfangdata.com.cn/Periodical-hyhztb.aspx
332,hyhjkx,http://c.wanfangdata.com.cn/Periodical-hyhjkx.aspx
333,hyjs,http://c.wanfangdata.com.cn/Periodical-hyjs.aspx
334,hykx,http://c.wanfangdata.com.cn/Periodical-hykx.aspx
335,hytb,http://c.wanfangdata.com.cn/Periodical-hytb.aspx
336,hyxb,http://c.wanfangdata.com.cn/Periodical-hyxb.aspx
337,hyyy,http://c.wanfangdata.com.cn/Periodical-hyyy.aspx
338,hyyhz,http://c.wanfangdata.com.cn/Periodical-hyyhz.aspx
339,hyyb,http://c.wanfangdata.com.cn/Periodical-hyyb.aspx
340,hncl,http://c.wanfangdata.com.cn/Periodical-hncl.aspx
341,hyxb,http://c.wanfangdata.com.cn/Periodical-hyxb.aspx
342,hyxx,http://c.wanfangdata.com.cn/Periodical-hyxx.aspx
343,hj,http://c.wanfangdata.com.cn/Periodical-hj.aspx
344,hjjs,http://c.wanfangdata.com.cn/Periodical-hjjs.aspx
345,hjxb,http://c.wanfangdata.com.cn/Periodical-hjxb.aspx
346,hhjs,http://c.wanfangdata.com.cn/Periodical-hhjs.aspx
347,hkclxb,http://c.wanfangdata.com.cn/Periodical-hkclxb.aspx
348,hkdlxb,http://c.wanfangdata.com.cn/Periodical-hkdlxb.aspx
349,hkxb,http://c.wanfangdata.com.cn/Periodical-hkxb.aspx
350,htkz,http://c.wanfangdata.com.cn/Periodical-htkz.aspx
351,htyxyyxgc,http://c.wanfangdata.com.cn/Periodical-htyxyyxgc.aspx
352,hchx,http://c.wanfangdata.com.cn/Periodical-hchx.aspx
353,hcszjsl,http://c.wanfangdata.com.cn/Periodical-hcszjsl.aspx
354,hcxwgy,http://c.wanfangdata.com.cn/Periodical-hcxwgy.aspx
355,hcxjgy,http://c.wanfangdata.com.cn/Periodical-hcxjgy.aspx
356,hbfx,http://c.wanfangdata.com.cn/Periodical-hbfx.aspx
357,hbgydxxb,http://c.wanfangdata.com.cn/Periodical-hbgydxxb.aspx
358,hbjmdxxb,http://c.wanfangdata.com.cn/Periodical-hbjmdxxb.aspx
359,hbnydxxb,http://c.wanfangdata.com.cn/Periodical-hbnydxxb.aspx
360,hbsfdxxb-jykxb,http://c.wanfangdata.com.cn/Periodical-hbsfdxxb-jykxb.aspx
361,hbsfdxxb-zxshkxb,http://c.wanfangdata.com.cn/Periodical-hbsfdxxb-zxshkxb.aspx
362,hbxk,http://c.wanfangdata.com.cn/Periodical-hbxk.aspx
363,hndxxb-shkxb,http://c.wanfangdata.com.cn/Periodical-hndxxb-shkxb.aspx
364,hnnydxxb,http://c.wanfangdata.com.cn/Periodical-hnnydxxb.aspx
365,hnnykx,http://c.wanfangdata.com.cn/Periodical-hnnykx.aspx
366,hnshkx,http://c.wanfangdata.com.cn/Periodical-hnshkx.aspx
367,hnsfdxxb-zxshkxb,http://c.wanfangdata.com.cn/Periodical-hnsfdxxb-zxshkxb.aspx
368,hdlgc,http://c.wanfangdata.com.cn/Periodical-hdlgc.aspx
369,hhxyfshx,http://c.wanfangdata.com.cn/Periodical-hhxyfshx.aspx
370,hjs,http://c.wanfangdata.com.cn/Periodical-hjs.aspx
371,hjbydlztwl,http://c.wanfangdata.com.cn/Periodical-hjbydlztwl.aspx
372,hkxygc,http://c.wanfangdata.com.cn/Periodical-hkxygc.aspx
373,hnxb,http://c.wanfangdata.com.cn/Periodical-hnxb.aspx
374,hljdxzrkxxb,http://c.wanfangdata.com.cn/Periodical-hljdxzrkxxb.aspx
375,hljgjyj,http://c.wanfangdata.com.cn/Periodical-hljgjyj.aspx
376,hljmzck,http://c.wanfangdata.com.cn/Periodical-hljmzck.aspx
377,hljxmsy,http://c.wanfangdata.com.cn/Periodical-hljxmsy.aspx
378,hwjs,http://c.wanfangdata.com.cn/Periodical-hwjs.aspx
379,hwyjggc,http://c.wanfangdata.com.cn/Periodical-hwyjggc.aspx
380,hgjjgl,http://c.wanfangdata.com.cn/Periodical-hgjjgl.aspx
381,hbnykx,http://c.wanfangdata.com.cn/Periodical-hbnykx.aspx
382,hbshkx,http://c.wanfangdata.com.cn/Periodical-hbshkx.aspx
383,hndxxb-shkxb,http://c.wanfangdata.com.cn/Periodical-hndxxb-shkxb.aspx
384,hnnydxxb,http://c.wanfangdata.com.cn/Periodical-hnnydxxb.aspx
385,hnshkx,http://c.wanfangdata.com.cn/Periodical-hnshkx.aspx
386,hc,http://c.wanfangdata.com.cn/Periodical-hc.aspx
387,hbnxb,http://c.wanfangdata.com.cn/Periodical-hbnxb.aspx
388,hddl,http://c.wanfangdata.com.cn/Periodical-hddl.aspx
389,hdsfdxxb-jykxb,http://c.wanfangdata.com.cn/Periodical-hdsfdxxb-jykxb.aspx
390,hdsfdxxb-zxshkxb,http://c.wanfangdata.com.cn/Periodical-hdsfdxxb-zxshkxb.aspx
391,hnnydxxb,http://c.wanfangdata.com.cn/Periodical-hnnydxxb.aspx
392,hqhrlsyj,http://c.wanfangdata.com.cn/Periodical-hqhrlsyj.aspx
393,hxkqyxzz,http://c.wanfangdata.com.cn/Periodical-hxkqyxzz.aspx
394,hxyxzz,http://c.wanfangdata.com.cn/Periodical-hxyxzz.aspx
395,hxkg,http://c.wanfangdata.com.cn/Periodical-hxkg.aspx
396,hzkjdxxb-shkxb,http://c.wanfangdata.com.cn/Periodical-hzkjdxxb-shkxb.aspx
397,hghb,http://c.wanfangdata.com.cn/Periodical-hghb.aspx
398,hgjz,http://c.wanfangdata.com.cn/Periodical-hgjz.aspx
399,hgkwyjg,http://c.wanfangdata.com.cn/Periodical-hgkwyjg.aspx
400,hgxxcl,http://c.wanfangdata.com.cn/Periodical-hgxxcl.aspx
401,hgxb,http://c.wanfangdata.com.cn/Periodical-hgxb.aspx
402,hxfygcygy,http://c.wanfangdata.com.cn/Periodical-hxfygcygy.aspx
403,hxgc,http://c.wanfangdata.com.cn/Periodical-hxgc.aspx
404,hxjx,http://c.wanfangdata.com.cn/Periodical-hxjx.aspx
405,hxjy,http://c.wanfangdata.com.cn/Periodical-hxjy.aspx
406,hxjz,http://c.wanfangdata.com.cn/Periodical-hxjz.aspx
407,hxsj,http://c.wanfangdata.com.cn/Periodical-hxsj.aspx
408,hxsj,http://c.wanfangdata.com.cn/Periodical-hxsj.aspx
409,hxtb,http://c.wanfangdata.com.cn/Periodical-hxtb.aspx
410,hxxb,http://c.wanfangdata.com.cn/Periodical-hxxb.aspx
411,hxyjyyy,http://c.wanfangdata.com.cn/Periodical-hxyjyyy.aspx
412,hjbh,http://c.wanfangdata.com.cn/Periodical-hjbh.aspx
413,hjgc,http://c.wanfangdata.com.cn/Periodical-hjgc.aspx
414,hjhx,http://c.wanfangdata.com.cn/Periodical-hjhx.aspx
415,hjkx,http://c.wanfangdata.com.cn/Periodical-hjkx.aspx
416,hjkxxb,http://c.wanfangdata.com.cn/Periodical-hjkxxb.aspx
417,hjkxyj,http://c.wanfangdata.com.cn/Periodical-hjkxyj.aspx
418,hjkxyjs,http://c.wanfangdata.com.cn/Periodical-hjkxyjs.aspx
419,hjwryfz,http://c.wanfangdata.com.cn/Periodical-hjwryfz.aspx
420,hjyjkzz,http://c.wanfangdata.com.cn/Periodical-hjyjkzz.aspx
421,hqflpl,http://c.wanfangdata.com.cn/Periodical-hqflpl.aspx
422,hzyj,http://c.wanfangdata.com.cn/Periodical-hzyj.aspx
423,hnt,http://c.wanfangdata.com.cn/Periodical-hnt.aspx
424,hntysnzp,http://c.wanfangdata.com.cn/Periodical-hntysnzp.aspx
425,hgp,http://c.wanfangdata.com.cn/Periodical-hgp.aspx
426,hlyzhkz,http://c.wanfangdata.com.cn/Periodical-hlyzhkz.aspx
427,hpfsykzxb,http://c.wanfangdata.com.cn/Periodical-hpfsykzxb.aspx
428,hzyxb,http://c.wanfangdata.com.cn/Periodical-hzyxb.aspx
429,jcdcd,http://c.wanfangdata.com.cn/Periodical-jcdcd.aspx
430,jcyyy,http://c.wanfangdata.com.cn/Periodical-jcyyy.aspx
431,jqr,http://c.wanfangdata.com.cn/Periodical-jqr.aspx
432,jxcd,http://c.wanfangdata.com.cn/Periodical-jxcd.aspx
433,jxgccl,http://c.wanfangdata.com.cn/Periodical-jxgccl.aspx
434,jxgcxb,http://c.wanfangdata.com.cn/Periodical-jxgcxb.aspx
435,jxkxyjs,http://c.wanfangdata.com.cn/Periodical-jxkxyjs.aspx
436,jxqd,http://c.wanfangdata.com.cn/Periodical-jxqd.aspx
437,jxsj,http://c.wanfangdata.com.cn/Periodical-jxsj.aspx
438,jxsjyyj,http://c.wanfangdata.com.cn/Periodical-jxsjyyj.aspx
439,jxsjyzz,http://c.wanfangdata.com.cn/Periodical-jxsjyzz.aspx
440,jcyxylc,http://c.wanfangdata.com.cn/Periodical-jcyxylc.aspx
441,jgjs,http://c.wanfangdata.com.cn/Periodical-jgjs.aspx
442,jgygdzxjz,http://c.wanfangdata.com.cn/Periodical-jgygdzxjz.aspx
443,jgyhw,http://c.wanfangdata.com.cn/Periodical-jgyhw.aspx
444,jgzz,http://c.wanfangdata.com.cn/Periodical-jgzz.aspx
445,jlnydxxb,http://c.wanfangdata.com.cn/Periodical-jlnydxxb.aspx
446,jlnykx,http://c.wanfangdata.com.cn/Periodical-jlnykx.aspx
447,jdyj,http://c.wanfangdata.com.cn/Periodical-jdyj.aspx
448,jsjfz,http://c.wanfangdata.com.cn/Periodical-jsjfz.aspx
449,jsjfzsjytxxxb,http://c.wanfangdata.com.cn/Periodical-jsjfzsjytxxxb.aspx
450,jsjgcykx,http://c.wanfangdata.com.cn/Periodical-jsjgcykx.aspx
451,jsjgcysj,http://c.wanfangdata.com.cn/Periodical-jsjgcysj.aspx
452,jsjjczzxt,http://c.wanfangdata.com.cn/Periodical-jsjjczzxt.aspx
453,jsjkx,http://c.wanfangdata.com.cn/Periodical-jsjkx.aspx
454,jsjxb,http://c.wanfangdata.com.cn/Periodical-jsjxb.aspx
455,jsjyjyfz,http://c.wanfangdata.com.cn/Periodical-jsjyjyfz.aspx
456,jsjyy,http://c.wanfangdata.com.cn/Periodical-jsjyy.aspx
457,jsjyyyj,http://c.wanfangdata.com.cn/Periodical-jsjyyyj.aspx
458,jsjyyyrj,http://c.wanfangdata.com.cn/Periodical-jsjyyyrj.aspx
459,jsjyyyhx,http://c.wanfangdata.com.cn/Periodical-jsjyyyhx.aspx
460,jslxxb,http://c.wanfangdata.com.cn/Periodical-jslxxb.aspx
461,jssx,http://c.wanfangdata.com.cn/Periodical-jssx.aspx
462,jswl,http://c.wanfangdata.com.cn/Periodical-jswl.aspx
463,jgyk,http://c.wanfangdata.com.cn/Periodical-jgyk.aspx
464,jzclxb,http://c.wanfangdata.com.cn/Periodical-jzclxb.aspx
465,jzgjgjz,http://c.wanfangdata.com.cn/Periodical-jzgjgjz.aspx
466,jzjgxb,http://c.wanfangdata.com.cn/Periodical-jzjgxb.aspx
467,jzjj,http://c.wanfangdata.com.cn/Periodical-jzjj.aspx
468,jzkx,http://c.wanfangdata.com.cn/Periodical-jzkx.aspx
469,jzxb,http://c.wanfangdata.com.cn/Periodical-jzxb.aspx
470,jckxjs,http://c.wanfangdata.com.cn/Periodical-jckxjs.aspx
471,jhxk,http://c.wanfangdata.com.cn/Periodical-jhxk.aspx
472,jhkg,http://c.wanfangdata.com.cn/Periodical-jhkg.aspx
473,jn,http://c.wanfangdata.com.cn/Periodical-jn.aspx
474,jsgj,http://c.wanfangdata.com.cn/Periodical-jsgj.aspx
475,jsnykx,http://c.wanfangdata.com.cn/Periodical-jsnykx.aspx
476,jsnyxb,http://c.wanfangdata.com.cn/Periodical-jsnyxb.aspx
477,jsshkx,http://c.wanfangdata.com.cn/Periodical-jsshkx.aspx
478,jsxzxyxb,http://c.wanfangdata.com.cn/Periodical-jsxzxyxb.aspx
479,jsyy,http://c.wanfangdata.com.cn/Periodical-jsyy.aspx
480,jxcjdxxb,http://c.wanfangdata.com.cn/Periodical-jxcjdxxb.aspx
481,jxnydxxb,http://c.wanfangdata.com.cn/Periodical-jxnydxxb.aspx
482,jxshkx,http://c.wanfangdata.com.cn/Periodical-jxshkx.aspx
483,jtysgcxb,http://c.wanfangdata.com.cn/Periodical-jtysgcxb.aspx
484,jtysxtgcyxx,http://c.wanfangdata.com.cn/Periodical-jtysxtgcyxx.aspx
485,jx,http://c.wanfangdata.com.cn/Periodical-jx.aspx
486,jxygl,http://c.wanfangdata.com.cn/Periodical-jxygl.aspx
487,jxyyj,http://c.wanfangdata.com.cn/Periodical-jxyyj.aspx
488,jyfzyj,http://c.wanfangdata.com.cn/Periodical-jyfzyj.aspx
489,jykx,http://c.wanfangdata.com.cn/Periodical-jykx.aspx
490,jykxyj,http://c.wanfangdata.com.cn/Periodical-jykxyj.aspx
491,jyyjj,http://c.wanfangdata.com.cn/Periodical-jyyjj.aspx
492,jyyzy,http://c.wanfangdata.com.cn/Periodical-jyyzy.aspx
493,jsgg,http://c.wanfangdata.com.cn/Periodical-jsgg.aspx
494,jggcs,http://c.wanfangdata.com.cn/Periodical-jggcs.aspx
495,jfjwgyxyxb,http://c.wanfangdata.com.cn/Periodical-jfjwgyxyxb.aspx
496,jfjyxzz,http://c.wanfangdata.com.cn/Periodical-jfjyxzz.aspx
497,jpxb,http://c.wanfangdata.com.cn/Periodical-jpxb.aspx
498,jpxzz,http://c.wanfangdata.com.cn/Periodical-jpxzz.aspx
499,jrfsxzz,http://c.wanfangdata.com.cn/Periodical-jrfsxzz.aspx
500,jrllysj,http://c.wanfangdata.com.cn/Periodical-jrllysj.aspx
501,jryjj,http://c.wanfangdata.com.cn/Periodical-jryjj.aspx
502,jsks,http://c.wanfangdata.com.cn/Periodical-jsks.aspx
503,jsrcl,http://c.wanfangdata.com.cn/Periodical-jsrcl.aspx
504,jsxb,http://c.wanfangdata.com.cn/Periodical-jsxb.aspx
505,jdsyj,http://c.wanfangdata.com.cn/Periodical-jdsyj.aspx
506,jjdl,http://c.wanfangdata.com.cn/Periodical-jjdl.aspx
507,jjjw,http://c.wanfangdata.com.cn/Periodical-jjjw.aspx
508,jjllyjjgl,http://c.wanfangdata.com.cn/Periodical-jjllyjjgl.aspx
509,jjlyj,http://c.wanfangdata.com.cn/Periodical-jjlyj.aspx
510,jjshtzbj,http://c.wanfangdata.com.cn/Periodical-jjshtzbj.aspx
511,jjwt,http://c.wanfangdata.com.cn/Periodical-jjwt.aspx
512,jjx,http://c.wanfangdata.com.cn/Periodical-jjx.aspx
513,jjxj,http://c.wanfangdata.com.cn/Periodical-jjxj.aspx
514,jjyjck,http://c.wanfangdata.com.cn/Periodical-jjyjck.aspx
515,jjyglyj,http://c.wanfangdata.com.cn/Periodical-jjyglyj.aspx
516,jjzh,http://c.wanfangdata.com.cn/Periodical-jjzh.aspx
517,jxhg,http://c.wanfangdata.com.cn/Periodical-jxhg.aspx
518,jxsyhg,http://c.wanfangdata.com.cn/Periodical-jxsyhg.aspx
519,jb,http://c.wanfangdata.com.cn/Periodical-jb.aspx
520,kfyj,http://c.wanfangdata.com.cn/Periodical-kfyj.aspx
521,kfdb,http://c.wanfangdata.com.cn/Periodical-kfdb.aspx
522,kfjyyj,http://c.wanfangdata.com.cn/Periodical-kfjyyj.aspx
523,kfsd,http://c.wanfangdata.com.cn/Periodical-kfsd.aspx
524,krzzyj,http://c.wanfangdata.com.cn/Periodical-krzzyj.aspx
525,kgyww,http://c.wanfangdata.com.cn/Periodical-kgyww.aspx
526,kjdb,http://c.wanfangdata.com.cn/Periodical-kjdb.aspx
527,kjglyj,http://c.wanfangdata.com.cn/Periodical-kjglyj.aspx
528,kjjbydc,http://c.wanfangdata.com.cn/Periodical-kjjbydc.aspx
529,kjtb,http://c.wanfangdata.com.cn/Periodical-kjtb.aspx
530,kjycb,http://c.wanfangdata.com.cn/Periodical-kjycb.aspx
531,kx,http://c.wanfangdata.com.cn/Periodical-kx.aspx
532,kxglyj,http://c.wanfangdata.com.cn/Periodical-kxglyj.aspx
533,kxjsygc,http://c.wanfangdata.com.cn/Periodical-kxjsygc.aspx
534,kxshzy,http://c.wanfangdata.com.cn/Periodical-kxshzy.aspx
535,kxtb,http://c.wanfangdata.com.cn/Periodical-kxtb.aspx
536,kxxyj,http://c.wanfangdata.com.cn/Periodical-kxxyj.aspx
537,kxxykxjsgl,http://c.wanfangdata.com.cn/Periodical-kxxykxjsgl.aspx
538,kxyy,http://c.wanfangdata.com.cn/Periodical-kxyy.aspx
539,kygl,http://c.wanfangdata.com.cn/Periodical-kygl.aspx
540,kjjg,http://c.wanfangdata.com.cn/Periodical-kjjg.aspx
541,kjkxxb,http://c.wanfangdata.com.cn/Periodical-kjkxxb.aspx
542,kqdlxxb,http://c.wanfangdata.com.cn/Periodical-kqdlxxb.aspx
543,kzllyyy,http://c.wanfangdata.com.cn/Periodical-kzllyyy.aspx
544,kzyjc,http://c.wanfangdata.com.cn/Periodical-kzyjc.aspx
545,kcdz,http://c.wanfangdata.com.cn/Periodical-kcdz.aspx
546,ksjx,http://c.wanfangdata.com.cn/Periodical-ksjx.aspx
547,kwxb,http://c.wanfangdata.com.cn/Periodical-kwxb.aspx
548,kwys,http://c.wanfangdata.com.cn/Periodical-kwys.aspx
549,kwysdqhxtb,http://c.wanfangdata.com.cn/Periodical-kwysdqhxtb.aspx
550,kygc,http://c.wanfangdata.com.cn/Periodical-kygc.aspx
551,kyaqyhb,http://c.wanfangdata.com.cn/Periodical-kyaqyhb.aspx
552,kyyjykf,http://c.wanfangdata.com.cn/Periodical-kyyjykf.aspx
553,kcflxb,http://c.wanfangdata.com.cn/Periodical-kcflxb.aspx
554,kcxb,http://c.wanfangdata.com.cn/Periodical-kcxb.aspx
555,ldmzyj,http://c.wanfangdata.com.cn/Periodical-ldmzyj.aspx
556,lzdxxb-shkxb,http://c.wanfangdata.com.cn/Periodical-lzdxxb-shkxb.aspx
557,lzjhyxf,http://c.wanfangdata.com.cn/Periodical-lzjhyxf.aspx
558,lldk,http://c.wanfangdata.com.cn/Periodical-lldk.aspx
559,llxk,http://c.wanfangdata.com.cn/Periodical-llxk.aspx
560,llyk,http://c.wanfangdata.com.cn/Periodical-llyk.aspx
561,lxjk,http://c.wanfangdata.com.cn/Periodical-lxjk.aspx
562,lxjz,http://c.wanfangdata.com.cn/Periodical-lxjz.aspx
563,lxxb,http://c.wanfangdata.com.cn/Periodical-lxxb.aspx
564,lxysj,http://c.wanfangdata.com.cn/Periodical-lxysj.aspx
565,lsda,http://c.wanfangdata.com.cn/Periodical-lsda.aspx
566,lsjx,http://c.wanfangdata.com.cn/Periodical-lsjx.aspx
567,lsjxwt,http://c.wanfangdata.com.cn/Periodical-lsjxwt.aspx
568,lg,http://c.wanfangdata.com.cn/Periodical-lg.aspx
569,lt,http://c.wanfangdata.com.cn/Periodical-lt.aspx
570,lsyslgy,http://c.wanfangdata.com.cn/Periodical-lsyslgy.aspx
571,lsyyz,http://c.wanfangdata.com.cn/Periodical-lsyyz.aspx
572,lyspkj,http://c.wanfangdata.com.cn/Periodical-lyspkj.aspx
573,lzdzxb,http://c.wanfangdata.com.cn/Periodical-lzdzxb.aspx
574,lzgxxb,http://c.wanfangdata.com.cn/Periodical-lzgxxb.aspx
575,lndxxb-zxshkxb,http://c.wanfangdata.com.cn/Periodical-lndxxb-zxshkxb.aspx
576,lcgy,http://c.wanfangdata.com.cn/Periodical-lcgy.aspx
577,lchxygy,http://c.wanfangdata.com.cn/Periodical-lchxygy.aspx
578,lyjjwt,http://c.wanfangdata.com.cn/Periodical-lyjjwt.aspx
579,lykjkf,http://c.wanfangdata.com.cn/Periodical-lykjkf.aspx
580,lykx,http://c.wanfangdata.com.cn/Periodical-lykx.aspx
581,lykxyj,http://c.wanfangdata.com.cn/Periodical-lykxyj.aspx
582,lyzygl,http://c.wanfangdata.com.cn/Periodical-lyzygl.aspx
583,lcekzz,http://c.wanfangdata.com.cn/Periodical-lcekzz.aspx
584,lcfsxzz,http://c.wanfangdata.com.cn/Periodical-lcfsxzz.aspx
585,lcjyzz,http://c.wanfangdata.com.cn/Periodical-lcjyzz.aspx
586,lcmzxzz,http://c.wanfangdata.com.cn/Periodical-lcmzxzz.aspx
587,lcpfkzz,http://c.wanfangdata.com.cn/Periodical-lcpfkzz.aspx
588,lcsjbxzz,http://c.wanfangdata.com.cn/Periodical-lcsjbxzz.aspx
589,lcxxgbzz,http://c.wanfangdata.com.cn/Periodical-lcxxgbzz.aspx
590,lcysyblxzz,http://c.wanfangdata.com.cn/Periodical-lcysyblxzz.aspx
591,ldkx,http://c.wanfangdata.com.cn/Periodical-ldkx.aspx
592,ltjx,http://c.wanfangdata.com.cn/Periodical-ltjx.aspx
593,lxyjyk,http://c.wanfangdata.com.cn/Periodical-lxyjyk.aspx
594,lyxk,http://c.wanfangdata.com.cn/Periodical-lyxk.aspx
595,llxyj,http://c.wanfangdata.com.cn/Periodical-llxyj.aspx
596,mkszyyxs,http://c.wanfangdata.com.cn/Periodical-mkszyyxs.aspx
597,mlzwxb,http://c.wanfangdata.com.cn/Periodical-mlzwxb.aspx
598,mzyj,http://c.wanfangdata.com.cn/Periodical-mzyj.aspx
599,mz,http://c.wanfangdata.com.cn/Periodical-mz.aspx
600,mfkj,http://c.wanfangdata.com.cn/Periodical-mfkj.aspx
601,mzddxpllyj,http://c.wanfangdata.com.cn/Periodical-mzddxpllyj.aspx
602,mzdsxyj,http://c.wanfangdata.com.cn/Periodical-mzdsxyj.aspx
603,mkaq,http://c.wanfangdata.com.cn/Periodical-mkaq.aspx
604,mkjx,http://c.wanfangdata.com.cn/Periodical-mkjx.aspx
605,mkkc,http://c.wanfangdata.com.cn/Periodical-mkkc.aspx
606,msgc,http://c.wanfangdata.com.cn/Periodical-msgc.aspx
607,mgyj,http://c.wanfangdata.com.cn/Periodical-mgyj.aspx
608,msgc,http://c.wanfangdata.com.cn/Periodical-msgc.aspx
609,mfzjs,http://c.wanfangdata.com.cn/Periodical-mfzjs.aspx
610,mhxb,http://c.wanfangdata.com.cn/Periodical-mhxb.aspx
611,myxzz,http://c.wanfangdata.com.cn/Periodical-myxzz.aspx
612,mgda,http://c.wanfangdata.com.cn/Periodical-mgda.aspx
613,mzjyyj,http://c.wanfangdata.com.cn/Periodical-mzjyyj.aspx
614,mzwxyj,http://c.wanfangdata.com.cn/Periodical-mzwxyj.aspx
615,mzyj,http://c.wanfangdata.com.cn/Periodical-mzyj.aspx
616,mzyw,http://c.wanfangdata.com.cn/Periodical-mzyw.aspx
617,mqxsyj,http://c.wanfangdata.com.cn/Periodical-mqxsyj.aspx
618,mhxtysx,http://c.wanfangdata.com.cn/Periodical-mhxtysx.aspx
619,mssbyrgzn,http://c.wanfangdata.com.cn/Periodical-mssbyrgzn.aspx
620,mkxyjs,http://c.wanfangdata.com.cn/Periodical-mkxyjs.aspx
621,mcxxb,http://c.wanfangdata.com.cn/Periodical-mcxxb.aspx
622,mcgy,http://c.wanfangdata.com.cn/Periodical-mcgy.aspx
623,mcjgjx,http://c.wanfangdata.com.cn/Periodical-mcjgjx.aspx
624,nhcl,http://c.wanfangdata.com.cn/Periodical-nhcl.aspx
625,ncdxxb-rwshkxb,http://c.wanfangdata.com.cn/Periodical-ncdxxb-rwshkxb.aspx
626,nfjr,http://c.wanfangdata.com.cn/Periodical-nfjr.aspx
627,njnydxxb,http://c.wanfangdata.com.cn/Periodical-njnydxxb.aspx
628,njnydxxb-shkxb,http://c.wanfangdata.com.cn/Periodical-njnydxxb-shkxb.aspx
629,njshkx,http://c.wanfangdata.com.cn/Periodical-njshkx.aspx
630,njsdxb-shkxb,http://c.wanfangdata.com.cn/Periodical-njsdxb-shkxb.aspx
631,njysxyxb-msysjb,http://c.wanfangdata.com.cn/Periodical-njysxyxb-msysjb.aspx
632,njzzxyxb,http://c.wanfangdata.com.cn/Periodical-njzzxyxb.aspx
633,njzyydxxb,http://c.wanfangdata.com.cn/Periodical-njzyydxxb.aspx
634,nkglpl,http://c.wanfangdata.com.cn/Periodical-nkglpl.aspx
635,nkjjyj,http://c.wanfangdata.com.cn/Periodical-nkjjyj.aspx
636,nsbdyslkj,http://c.wanfangdata.com.cn/Periodical-nsbdyslkj.aspx
637,nmgshkx,http://c.wanfangdata.com.cn/Periodical-nmgshkx.aspx
638,nrjgc,http://c.wanfangdata.com.cn/Periodical-nrjgc.aspx
639,nrjxb,http://c.wanfangdata.com.cn/Periodical-nrjxb.aspx
640,nsyj,http://c.wanfangdata.com.cn/Periodical-nsyj.aspx
641,njkj,http://c.wanfangdata.com.cn/Periodical-njkj.aspx
642,ncjj,http://c.wanfangdata.com.cn/Periodical-ncjj.aspx
643,njhyj,http://c.wanfangdata.com.cn/Periodical-njhyj.aspx
644,ny,http://c.wanfangdata.com.cn/Periodical-ny.aspx
645,nyxxb,http://c.wanfangdata.com.cn/Periodical-nyxxb.aspx
646,nygcxb,http://c.wanfangdata.com.cn/Periodical-nygcxb.aspx
647,nyjxxb,http://c.wanfangdata.com.cn/Periodical-nyjxxb.aspx
648,nyjsjj,http://c.wanfangdata.com.cn/Periodical-nyjsjj.aspx
649,nyjj,http://c.wanfangdata.com.cn/Periodical-nyjj.aspx
650,nyjjwt,http://c.wanfangdata.com.cn/Periodical-nyjjwt.aspx
651,nykg,http://c.wanfangdata.com.cn/Periodical-nykg.aspx
652,nyswjsxb,http://c.wanfangdata.com.cn/Periodical-nyswjsxb.aspx
653,nyxdhyj,http://c.wanfangdata.com.cn/Periodical-nyxdhyj.aspx
654,pgkxygc,http://c.wanfangdata.com.cn/Periodical-pgkxygc.aspx
655,qlxk,http://c.wanfangdata.com.cn/Periodical-qlxk.aspx
656,qygl,http://c.wanfangdata.com.cn/Periodical-qygl.aspx
657,qyjj,http://c.wanfangdata.com.cn/Periodical-qyjj.aspx
658,qhbhyjjz,http://c.wanfangdata.com.cn/Periodical-qhbhyjjz.aspx
659,qhyhjyj,http://c.wanfangdata.com.cn/Periodical-qhyhjyj.aspx
660,qx,http://c.wanfangdata.com.cn/Periodical-qx.aspx
661,qxkx,http://c.wanfangdata.com.cn/Periodical-qxkx.aspx
662,qxxb,http://c.wanfangdata.com.cn/Periodical-qxxb.aspx
663,qcgc,http://c.wanfangdata.com.cn/Periodical-qcgc.aspx
664,qcjs,http://c.wanfangdata.com.cn/Periodical-qcjs.aspx
665,qljjs,http://c.wanfangdata.com.cn/Periodical-qljjs.aspx
666,qjgylzs,http://c.wanfangdata.com.cn/Periodical-qjgylzs.aspx
667,qljs,http://c.wanfangdata.com.cn/Periodical-qljs.aspx
668,qhmzyj,http://c.wanfangdata.com.cn/Periodical-qhmzyj.aspx
669,qnjz,http://c.wanfangdata.com.cn/Periodical-qnjz.aspx
670,qnyj,http://c.wanfangdata.com.cn/Periodical-qnyj.aspx
671,qhjjgjs,http://c.wanfangdata.com.cn/Periodical-qhjjgjs.aspx
672,qjs,http://c.wanfangdata.com.cn/Periodical-qjs.aspx
673,qhdxjyyj,http://c.wanfangdata.com.cn/Periodical-qhdxjyyj.aspx
674,qhfx,http://c.wanfangdata.com.cn/Periodical-qhfx.aspx
675,qsyj,http://c.wanfangdata.com.cn/Periodical-qsyj.aspx
676,qbkx,http://c.wanfangdata.com.cn/Periodical-qbkx.aspx
677,qbllysj,http://c.wanfangdata.com.cn/Periodical-qbllysj.aspx
678,qbxb,http://c.wanfangdata.com.cn/Periodical-qbxb.aspx
679,qbzz,http://c.wanfangdata.com.cn/Periodical-qbzz.aspx
680,qbzlgz,http://c.wanfangdata.com.cn/Periodical-qbzlgz.aspx
681,qs,http://c.wanfangdata.com.cn/Periodical-qs.aspx
682,qs,http://c.wanfangdata.com.cn/Periodical-qs.aspx
683,qsxk,http://c.wanfangdata.com.cn/Periodical-qsxk.aspx
684,qqjyzw,http://c.wanfangdata.com.cn/Periodical-qqjyzw.aspx
685,rlhxxb,http://c.wanfangdata.com.cn/Periodical-rlhxxb.aspx
686,rqwlsyyyj,http://c.wanfangdata.com.cn/Periodical-rqwlsyyyj.aspx
687,rskxyjs,http://c.wanfangdata.com.cn/Periodical-rskxyjs.aspx
688,rddl,http://c.wanfangdata.com.cn/Periodical-rddl.aspx
689,rdqxxb,http://c.wanfangdata.com.cn/Periodical-rdqxxb.aspx
690,rdyrdzwxb,http://c.wanfangdata.com.cn/Periodical-rdyrdzwxb.aspx
691,rdzwxb,http://c.wanfangdata.com.cn/Periodical-rdzwxb.aspx
692,rgxsz,http://c.wanfangdata.com.cn/Periodical-rgxsz.aspx
693,rjggy,http://c.wanfangdata.com.cn/Periodical-rjggy.aspx
694,rkxyjs,http://c.wanfangdata.com.cn/Periodical-rkxyjs.aspx
695,rlfd,http://c.wanfangdata.com.cn/Periodical-rlfd.aspx
696,rndlgc,http://c.wanfangdata.com.cn/Periodical-rndlgc.aspx
697,rkxk,http://c.wanfangdata.com.cn/Periodical-rkxk.aspx
698,rkyj,http://c.wanfangdata.com.cn/Periodical-rkyj.aspx
699,rkyjj,http://c.wanfangdata.com.cn/Periodical-rkyjj.aspx
700,rlxxb,http://c.wanfangdata.com.cn/Periodical-rlxxb.aspx
701,rmcj,http://c.wanfangdata.com.cn/Periodical-rmcj.aspx
702,rmhh,http://c.wanfangdata.com.cn/Periodical-rmhh.aspx
703,rmjc,http://c.wanfangdata.com.cn/Periodical-rmjc.aspx
704,rmjy,http://c.wanfangdata.com.cn/Periodical-rmjy.aspx
705,rwdl,http://c.wanfangdata.com.cn/Periodical-rwdl.aspx
706,rwzz,http://c.wanfangdata.com.cn/Periodical-rwzz.aspx
707,rbxk,http://c.wanfangdata.com.cn/Periodical-rbxk.aspx
708,ryhxgy,http://c.wanfangdata.com.cn/Periodical-ryhxgy.aspx
709,rjxb,http://c.wanfangdata.com.cn/Periodical-rjxb.aspx
710,rkx,http://c.wanfangdata.com.cn/Periodical-rkx.aspx
711,rhymf,http://c.wanfangdata.com.cn/Periodical-rhymf.aspx
712,sp,http://c.wanfangdata.com.cn/Periodical-sp.aspx
713,sdxb,http://c.wanfangdata.com.cn/Periodical-sdxb.aspx
714,sdshkx,http://c.wanfangdata.com.cn/Periodical-sdshkx.aspx
715,sdtykj,http://c.wanfangdata.com.cn/Periodical-sdtykj.aspx
716,sdtyxyxb,http://c.wanfangdata.com.cn/Periodical-sdtyxyxb.aspx
717,sdwyjx,http://c.wanfangdata.com.cn/Periodical-sdwyjx.aspx
718,sh,http://c.wanfangdata.com.cn/Periodical-sh.aspx
719,sxcjdxxb,http://c.wanfangdata.com.cn/Periodical-sxcjdxxb.aspx
720,sxda,http://c.wanfangdata.com.cn/Periodical-sxda.aspx
721,syjjygl,http://c.wanfangdata.com.cn/Periodical-syjjygl.aspx
722,sysd,http://c.wanfangdata.com.cn/Periodical-sysd.aspx
723,syyj,http://c.wanfangdata.com.cn/Periodical-syyj.aspx
724,shdxxb-shkxb,http://c.wanfangdata.com.cn/Periodical-shdxxb-shkxb.aspx
725,shfzkj,http://c.wanfangdata.com.cn/Periodical-shfzkj.aspx
726,shjtdxxb,http://c.wanfangdata.com.cn/Periodical-shjtdxxb.aspx
727,shjtdxxb-zxshkxb,http://c.wanfangdata.com.cn/Periodical-shjtdxxb-zxshkxb.aspx
728,shjyky,http://c.wanfangdata.com.cn/Periodical-shjyky.aspx
729,shjr,http://c.wanfangdata.com.cn/Periodical-shjr.aspx
730,shjs,http://c.wanfangdata.com.cn/Periodical-shjs.aspx
731,shjjyj,http://c.wanfangdata.com.cn/Periodical-shjjyj.aspx
732,shkqyx,http://c.wanfangdata.com.cn/Periodical-shkqyx.aspx
733,shlgdxxb,http://c.wanfangdata.com.cn/Periodical-shlgdxxb.aspx
734,shnyxb,http://c.wanfangdata.com.cn/Periodical-shnyxb.aspx
735,shtyxyxb,http://c.wanfangdata.com.cn/Periodical-shtyxyxb.aspx
736,shwx,http://c.wanfangdata.com.cn/Periodical-shwx.aspx
737,shxj,http://c.wanfangdata.com.cn/Periodical-shxj.aspx
738,shxzxyxb,http://c.wanfangdata.com.cn/Periodical-shxzxyxb.aspx
739,shyx,http://c.wanfangdata.com.cn/Periodical-shyx.aspx
740,sjqt,http://c.wanfangdata.com.cn/Periodical-sjqt.aspx
741,sh,http://c.wanfangdata.com.cn/Periodical-sh.aspx
742,shkx,http://c.wanfangdata.com.cn/Periodical-shkx.aspx
743,shkxjk,http://c.wanfangdata.com.cn/Periodical-shkxjk.aspx
744,shkxj,http://c.wanfangdata.com.cn/Periodical-shkxj.aspx
745,shkxyj,http://c.wanfangdata.com.cn/Periodical-shkxyj.aspx
746,shzyyj,http://c.wanfangdata.com.cn/Periodical-shzyyj.aspx
747,swsw,http://c.wanfangdata.com.cn/Periodical-swsw.aspx
748,sjjpxzz,http://c.wanfangdata.com.cn/Periodical-sjjpxzz.aspx
749,sygydxxb,http://c.wanfangdata.com.cn/Periodical-sygydxxb.aspx
750,synydxxb,http://c.wanfangdata.com.cn/Periodical-synydxxb.aspx
751,sytyxyxb,http://c.wanfangdata.com.cn/Periodical-sytyxyxb.aspx
752,syykdxxb,http://c.wanfangdata.com.cn/Periodical-syykdxxb.aspx
753,sjyj,http://c.wanfangdata.com.cn/Periodical-sjyj.aspx
754,sjyjjyj,http://c.wanfangdata.com.cn/Periodical-sjyjjyj.aspx
755,szbytxsyzzz,http://c.wanfangdata.com.cn/Periodical-szbytxsyzzz.aspx
756,slkxjz,http://c.wanfangdata.com.cn/Periodical-slkxjz.aspx
757,slxb,http://c.wanfangdata.com.cn/Periodical-slxb.aspx
758,smkxyj,http://c.wanfangdata.com.cn/Periodical-smkxyj.aspx
759,swdyx,http://c.wanfangdata.com.cn/Periodical-swdyx.aspx
760,swgcxb,http://c.wanfangdata.com.cn/Periodical-swgcxb.aspx
761,swjs,http://c.wanfangdata.com.cn/Periodical-swjs.aspx
762,swjstb,http://c.wanfangdata.com.cn/Periodical-swjstb.aspx
763,swwlxb,http://c.wanfangdata.com.cn/Periodical-swwlxb.aspx
764,sxxb,http://c.wanfangdata.com.cn/Periodical-sxxb.aspx
765,sgjs,http://c.wanfangdata.com.cn/Periodical-sgjs.aspx
766,sdkx,http://c.wanfangdata.com.cn/Periodical-sdkx.aspx
767,sfyj,http://c.wanfangdata.com.cn/Periodical-sfyj.aspx
768,syhg,http://c.wanfangdata.com.cn/Periodical-syhg.aspx
769,syjx,http://c.wanfangdata.com.cn/Periodical-syjx.aspx
770,sylzyhg,http://c.wanfangdata.com.cn/Periodical-sylzyhg.aspx
771,sysydz,http://c.wanfangdata.com.cn/Periodical-sysydz.aspx
772,syxb,http://c.wanfangdata.com.cn/Periodical-syxb.aspx
773,syxb-syjg,http://c.wanfangdata.com.cn/Periodical-syxb-syjg.aspx
774,syytrqdz,http://c.wanfangdata.com.cn/Periodical-syytrqdz.aspx
775,syzcgy,http://c.wanfangdata.com.cn/Periodical-syzcgy.aspx
776,szgygy,http://c.wanfangdata.com.cn/Periodical-szgygy.aspx
777,syjsygl,http://c.wanfangdata.com.cn/Periodical-syjsygl.aspx
778,sylx,http://c.wanfangdata.com.cn/Periodical-sylx.aspx
779,syeklczz,http://c.wanfangdata.com.cn/Periodical-syeklczz.aspx
780,syfsxzz,http://c.wanfangdata.com.cn/Periodical-syfsxzz.aspx
781,syfckzz,http://c.wanfangdata.com.cn/Periodical-syfckzz.aspx
782,sykqyxzz,http://c.wanfangdata.com.cn/Periodical-sykqyxzz.aspx
783,syyxzz,http://c.wanfangdata.com.cn/Periodical-syyxzz.aspx
784,spgykj,http://c.wanfangdata.com.cn/Periodical-spgykj.aspx
785,spkj,http://c.wanfangdata.com.cn/Periodical-spkj.aspx
786,spkx,http://c.wanfangdata.com.cn/Periodical-spkx.aspx
787,spyjykf,http://c.wanfangdata.com.cn/Periodical-spyjykf.aspx
788,syjxb,http://c.wanfangdata.com.cn/Periodical-syjxb.aspx
789,sl,http://c.wanfangdata.com.cn/Periodical-sl.aspx
790,sxjk,http://c.wanfangdata.com.cn/Periodical-sxjk.aspx
791,sxyk,http://c.wanfangdata.com.cn/Periodical-sxyk.aspx
792,sjdzgc,http://c.wanfangdata.com.cn/Periodical-sjdzgc.aspx
793,sjdy,http://c.wanfangdata.com.cn/Periodical-sjdy.aspx
794,sjhyjx,http://c.wanfangdata.com.cn/Periodical-sjhyjx.aspx
795,sjjj,http://c.wanfangdata.com.cn/Periodical-sjjj.aspx
796,sjjjwh,http://c.wanfangdata.com.cn/Periodical-sjjjwh.aspx
797,sjjjyj,http://c.wanfangdata.com.cn/Periodical-sjjjyj.aspx
798,sjls,http://c.wanfangdata.com.cn/Periodical-sjls.aspx
799,sjlyyj,http://c.wanfangdata.com.cn/Periodical-sjlyyj.aspx
800,sjmz,http://c.wanfangdata.com.cn/Periodical-sjmz.aspx
801,sjny,http://c.wanfangdata.com.cn/Periodical-sjny.aspx
802,sjzjwh,http://c.wanfangdata.com.cn/Periodical-sjzjwh.aspx
803,sjzjyj,http://c.wanfangdata.com.cn/Periodical-sjzjyj.aspx
804,sh,http://c.wanfangdata.com.cn/Periodical-sh.aspx
805,sdjjmydxxb,http://c.wanfangdata.com.cn/Periodical-sdjjmydxxb.aspx
806,sdtyxyxb,http://c.wanfangdata.com.cn/Periodical-sdtyxyxb.aspx
807,slxb,http://c.wanfangdata.com.cn/Periodical-slxb.aspx
808,sjcjycl,http://c.wanfangdata.com.cn/Periodical-sjcjycl.aspx
809,sltjygl,http://c.wanfangdata.com.cn/Periodical-sltjygl.aspx
810,sljjjsjjyj,http://c.wanfangdata.com.cn/Periodical-sljjjsjjyj.aspx
811,sxdsjyrs,http://c.wanfangdata.com.cn/Periodical-sxdsjyrs.aspx
812,sxjyxb,http://c.wanfangdata.com.cn/Periodical-sxjyxb.aspx
813,sxjz,http://c.wanfangdata.com.cn/Periodical-sxjz.aspx
814,sxtb,http://c.wanfangdata.com.cn/Periodical-sxtb.aspx
815,sxwlxb,http://c.wanfangdata.com.cn/Periodical-sxwlxb.aspx
816,sxxb,http://c.wanfangdata.com.cn/Periodical-sxxb.aspx
817,sxzz,http://c.wanfangdata.com.cn/Periodical-sxzz.aspx
818,sckjqb,http://c.wanfangdata.com.cn/Periodical-sckjqb.aspx
819,sckx,http://c.wanfangdata.com.cn/Periodical-sckx.aspx
820,scxb,http://c.wanfangdata.com.cn/Periodical-scxb.aspx
821,scljs,http://c.wanfangdata.com.cn/Periodical-scljs.aspx
822,skxjz,http://c.wanfangdata.com.cn/Periodical-skxjz.aspx
823,slfd,http://c.wanfangdata.com.cn/Periodical-slfd.aspx
824,slfdxb,http://c.wanfangdata.com.cn/Periodical-slfdxb.aspx
825,slsdjs,http://c.wanfangdata.com.cn/Periodical-slsdjs.aspx
826,slsdkjjz,http://c.wanfangdata.com.cn/Periodical-slsdkjjz.aspx
827,slxb,http://c.wanfangdata.com.cn/Periodical-slxb.aspx
828,ssswxb,http://c.wanfangdata.com.cn/Periodical-ssswxb.aspx
829,stbctb,http://c.wanfangdata.com.cn/Periodical-stbctb.aspx
830,stbcyj,http://c.wanfangdata.com.cn/Periodical-stbcyj.aspx
831,sw,http://c.wanfangdata.com.cn/Periodical-sw.aspx
832,swdzgcdz,http://c.wanfangdata.com.cn/Periodical-swdzgcdz.aspx
833,sygc,http://c.wanfangdata.com.cn/Periodical-sygc.aspx
834,swyjj,http://c.wanfangdata.com.cn/Periodical-swyjj.aspx
835,sc,http://c.wanfangdata.com.cn/Periodical-sc.aspx
836,sxlljydk,http://c.wanfangdata.com.cn/Periodical-sxlljydk.aspx
837,sxzx,http://c.wanfangdata.com.cn/Periodical-sxzx.aspx
838,scdw,http://c.wanfangdata.com.cn/Periodical-scdw.aspx
839,scnydxxb,http://c.wanfangdata.com.cn/Periodical-scnydxxb.aspx
840,scsfdxxb-shkxb,http://c.wanfangdata.com.cn/Periodical-scsfdxxb-shkxb.aspx
841,scww,http://c.wanfangdata.com.cn/Periodical-scww.aspx
842,scxj,http://c.wanfangdata.com.cn/Periodical-scxj.aspx
843,slgy,http://c.wanfangdata.com.cn/Periodical-slgy.aspx
844,slyj,http://c.wanfangdata.com.cn/Periodical-slyj.aspx
845,szdxxb-zxshkxb,http://c.wanfangdata.com.cn/Periodical-szdxxb-zxshkxb.aspx
846,sl,http://c.wanfangdata.com.cn/Periodical-sl.aspx
847,slgy,http://c.wanfangdata.com.cn/Periodical-slgy.aspx
848,slkj,http://c.wanfangdata.com.cn/Periodical-slkj.aspx
849,sxgcxb,http://c.wanfangdata.com.cn/Periodical-sxgcxb.aspx
850,tcxb,http://c.wanfangdata.com.cn/Periodical-tcxb.aspx
851,tsg,http://c.wanfangdata.com.cn/Periodical-tsg.aspx
852,tzyqc,http://c.wanfangdata.com.cn/Periodical-tzyqc.aspx
853,tzzzjyshj,http://c.wanfangdata.com.cn/Periodical-tzzzjyshj.aspx
854,tykx,http://c.wanfangdata.com.cn/Periodical-tykx.aspx
855,tywhdk,http://c.wanfangdata.com.cn/Periodical-tywhdk.aspx
856,tyxk,http://c.wanfangdata.com.cn/Periodical-tyxk.aspx
857,tyykx,http://c.wanfangdata.com.cn/Periodical-tyykx.aspx
858,tfxl,http://c.wanfangdata.com.cn/Periodical-tfxl.aspx
859,tjdxxb,http://c.wanfangdata.com.cn/Periodical-tjdxxb.aspx
860,tjdxxb-shkxb,http://c.wanfangdata.com.cn/Periodical-tjdxxb-shkxb.aspx
861,tjshkx,http://c.wanfangdata.com.cn/Periodical-tjshkx.aspx
862,tjsfdxxb-shkxb,http://c.wanfangdata.com.cn/Periodical-tjsfdxxb-shkxb.aspx
863,tjtyxyxb,http://c.wanfangdata.com.cn/Periodical-tjtyxyxb.aspx
864,tjyy,http://c.wanfangdata.com.cn/Periodical-tjyy.aspx
865,trcwyjykf,http://c.wanfangdata.com.cn/Periodical-trcwyjykf.aspx
866,trqdqkx,http://c.wanfangdata.com.cn/Periodical-trqdqkx.aspx
867,trqgy,http://c.wanfangdata.com.cn/Periodical-trqgy.aspx
868,twxb,http://c.wanfangdata.com.cn/Periodical-twxb.aspx
869,twxjz,http://c.wanfangdata.com.cn/Periodical-twxjz.aspx
870,ty,http://c.wanfangdata.com.cn/Periodical-ty.aspx
871,tdbzsj,http://c.wanfangdata.com.cn/Periodical-tdbzsj.aspx
872,tdcl,http://c.wanfangdata.com.cn/Periodical-tdcl.aspx
873,tdgcxb,http://c.wanfangdata.com.cn/Periodical-tdgcxb.aspx
874,tdjz,http://c.wanfangdata.com.cn/Periodical-tdjz.aspx
875,tdxb,http://c.wanfangdata.com.cn/Periodical-tdxb.aspx
876,tdysyjj,http://c.wanfangdata.com.cn/Periodical-tdysyjj.aspx
877,tlxjyyjbzz,http://c.wanfangdata.com.cn/Periodical-tlxjyyjbzz.aspx
878,txxb,http://c.wanfangdata.com.cn/Periodical-txxb.aspx
879,tjdxxb-shkxb,http://c.wanfangdata.com.cn/Periodical-tjdxxb-shkxb.aspx
880,tjyj,http://c.wanfangdata.com.cn/Periodical-tjyj.aspx
881,tjyjc,http://c.wanfangdata.com.cn/Periodical-tjyjc.aspx
882,tsg,http://c.wanfangdata.com.cn/Periodical-tsg.aspx
883,tsggzyyj,http://c.wanfangdata.com.cn/Periodical-tsggzyyj.aspx
884,tsgjs,http://c.wanfangdata.com.cn/Periodical-tsgjs.aspx
885,tsgllysj,http://c.wanfangdata.com.cn/Periodical-tsgllysj.aspx
886,tsgzz,http://c.wanfangdata.com.cn/Periodical-tsgzz.aspx
887,tsqbgz,http://c.wanfangdata.com.cn/Periodical-tsqbgz.aspx
888,tsqbzs,http://c.wanfangdata.com.cn/Periodical-tsqbzs.aspx
889,tsyqb,http://c.wanfangdata.com.cn/Periodical-tsyqb.aspx
890,tlgy,http://c.wanfangdata.com.cn/Periodical-tlgy.aspx
891,tmgcxb,http://c.wanfangdata.com.cn/Periodical-tmgcxb.aspx
892,tr,http://c.wanfangdata.com.cn/Periodical-tr.aspx
893,trtb,http://c.wanfangdata.com.cn/Periodical-trtb.aspx
894,trxb,http://c.wanfangdata.com.cn/Periodical-trxb.aspx
895,tjjs,http://c.wanfangdata.com.cn/Periodical-tjjs.aspx
896,wgjjygl,http://c.wanfangdata.com.cn/Periodical-wgjjygl.aspx
897,wgwx,http://c.wanfangdata.com.cn/Periodical-wgwx.aspx
898,wgwxpl,http://c.wanfangdata.com.cn/Periodical-wgwxpl.aspx
899,wgwxyj,http://c.wanfangdata.com.cn/Periodical-wgwxyj.aspx
900,wgzxxjy,http://c.wanfangdata.com.cn/Periodical-wgzxxjy.aspx
901,wydhjx,http://c.wanfangdata.com.cn/Periodical-wydhjx.aspx
902,wyjx,http://c.wanfangdata.com.cn/Periodical-wyjx.aspx
903,wyjxyyj,http://c.wanfangdata.com.cn/Periodical-wyjxyyj.aspx
904,wyxk,http://c.wanfangdata.com.cn/Periodical-wyxk.aspx
905,wyyj,http://c.wanfangdata.com.cn/Periodical-wyyj.aspx
906,wyywyjx,http://c.wanfangdata.com.cn/Periodical-wyywyjx.aspx
907,wbxb,http://c.wanfangdata.com.cn/Periodical-wbxb.aspx
908,wdj,http://c.wanfangdata.com.cn/Periodical-wdj.aspx
909,wdzx,http://c.wanfangdata.com.cn/Periodical-wdzx.aspx
910,wdzxyjsj,http://c.wanfangdata.com.cn/Periodical-wdzxyjsj.aspx
911,wndzjs,http://c.wanfangdata.com.cn/Periodical-wndzjs.aspx
912,wswxb,http://c.wanfangdata.com.cn/Periodical-wswxb.aspx
913,wswxtb,http://c.wanfangdata.com.cn/Periodical-wswxtb.aspx
914,wtdj,http://c.wanfangdata.com.cn/Periodical-wtdj.aspx
915,wtgswxb,http://c.wanfangdata.com.cn/Periodical-wtgswxb.aspx
916,wsyj,http://c.wanfangdata.com.cn/Periodical-wsyj.aspx
917,ws,http://c.wanfangdata.com.cn/Periodical-ws.aspx
918,wsz,http://c.wanfangdata.com.cn/Periodical-wsz.aspx
919,wwbhykgkx,http://c.wanfangdata.com.cn/Periodical-wwbhykgkx.aspx
920,wx,http://c.wanfangdata.com.cn/Periodical-wx.aspx
921,wyllyj,http://c.wanfangdata.com.cn/Periodical-wyllyj.aspx
922,wyllypp,http://c.wanfangdata.com.cn/Periodical-wyllypp.aspx
923,wypl,http://c.wanfangdata.com.cn/Periodical-wypl.aspx
924,wyyj,http://c.wanfangdata.com.cn/Periodical-wyyj.aspx
925,wjclxb,http://c.wanfangdata.com.cn/Periodical-wjclxb.aspx
926,wjhxxb,http://c.wanfangdata.com.cn/Periodical-wjhxxb.aspx
927,wjygy,http://c.wanfangdata.com.cn/Periodical-wjygy.aspx
928,whjr,http://c.wanfangdata.com.cn/Periodical-whjr.aspx
929,whtyxyxb,http://c.wanfangdata.com.cn/Periodical-whtyxyxb.aspx
930,wl,http://c.wanfangdata.com.cn/Periodical-wl.aspx
931,wlhxxb,http://c.wanfangdata.com.cn/Periodical-wlhxxb.aspx
932,wlxb,http://c.wanfangdata.com.cn/Periodical-wlxb.aspx
933,wlxjz,http://c.wanfangdata.com.cn/Periodical-wlxjz.aspx
934,wljs,http://c.wanfangdata.com.cn/Periodical-wljs.aspx
935,xajtdxxb,http://c.wanfangdata.com.cn/Periodical-xajtdxxb.aspx
936,xajtdxxb-shkxb,http://c.wanfangdata.com.cn/Periodical-xajtdxxb-shkxb.aspx
937,xalgdxxb,http://c.wanfangdata.com.cn/Periodical-xalgdxxb.aspx
938,xatyxyxb,http://c.wanfangdata.com.cn/Periodical-xatyxyxb.aspx
939,xbdzxb,http://c.wanfangdata.com.cn/Periodical-xbdzxb.aspx
940,xbgydxxb,http://c.wanfangdata.com.cn/Periodical-xbgydxxb.aspx
941,xblxyxb,http://c.wanfangdata.com.cn/Periodical-xblxyxb.aspx
942,xbmzyj,http://c.wanfangdata.com.cn/Periodical-xbmzyj.aspx
943,xbnyxb,http://c.wanfangdata.com.cn/Periodical-xbnyxb.aspx
944,xbsdxb-shkxb,http://c.wanfangdata.com.cn/Periodical-xbsdxb-shkxb.aspx
945,xbzwxb,http://c.wanfangdata.com.cn/Periodical-xbzwxb.aspx
946,xnjtdxxb,http://c.wanfangdata.com.cn/Periodical-xnjtdxxb.aspx
947,xnjr,http://c.wanfangdata.com.cn/Periodical-xnjr.aspx
948,xnnyxb,http://c.wanfangdata.com.cn/Periodical-xnnyxb.aspx
949,xyfz,http://c.wanfangdata.com.cn/Periodical-xyfz.aspx
950,xyyj,http://c.wanfangdata.com.cn/Periodical-xyyj.aspx
951,xyjs,http://c.wanfangdata.com.cn/Periodical-xyjs.aspx
952,xyjsclygc,http://c.wanfangdata.com.cn/Periodical-xyjsclygc.aspx
953,xyjsyyzhj,http://c.wanfangdata.com.cn/Periodical-xyjsyyzhj.aspx
954,xqys,http://c.wanfangdata.com.cn/Periodical-xqys.aspx
955,xtfzxb,http://c.wanfangdata.com.cn/Periodical-xtfzxb.aspx
956,xtgc,http://c.wanfangdata.com.cn/Periodical-xtgc.aspx
957,xtgcllysj,http://c.wanfangdata.com.cn/Periodical-xtgcllysj.aspx
958,xtgcxb,http://c.wanfangdata.com.cn/Periodical-xtgcxb.aspx
959,xtgcydzjs,http://c.wanfangdata.com.cn/Periodical-xtgcydzjs.aspx
960,xtkxysx,http://c.wanfangdata.com.cn/Periodical-xtkxysx.aspx
961,xbyfzmyxzz,http://c.wanfangdata.com.cn/Periodical-xbyfzmyxzz.aspx
962,xmdxxb-zxshkxb,http://c.wanfangdata.com.cn/Periodical-xmdxxb-zxshkxb.aspx
963,xdcsyj,http://c.wanfangdata.com.cn/Periodical-xdcsyj.aspx
964,xdcb,http://c.wanfangdata.com.cn/Periodical-xdcb.aspx
965,xddxjy,http://c.wanfangdata.com.cn/Periodical-xddxjy.aspx
966,xddz,http://c.wanfangdata.com.cn/Periodical-xddz.aspx
967,xddl,http://c.wanfangdata.com.cn/Periodical-xddl.aspx
968,xdfx,http://c.wanfangdata.com.cn/Periodical-xdfx.aspx
969,xdfyjs,http://c.wanfangdata.com.cn/Periodical-xdfyjs.aspx
970,xdgjgx,http://c.wanfangdata.com.cn/Periodical-xdgjgx.aspx
971,xdhg,http://c.wanfangdata.com.cn/Periodical-xdhg.aspx
972,xdld,http://c.wanfangdata.com.cn/Periodical-xdld.aspx
973,xdrbjj,http://c.wanfangdata.com.cn/Periodical-xdrbjj.aspx
974,xdsljgyy,http://c.wanfangdata.com.cn/Periodical-xdsljgyy.aspx
975,xdsdjs,http://c.wanfangdata.com.cn/Periodical-xdsdjs.aspx
976,xdtsqbjs,http://c.wanfangdata.com.cn/Periodical-xdtsqbjs.aspx
977,xdwy,http://c.wanfangdata.com.cn/Periodical-xdwy.aspx
978,xdyfyx,http://c.wanfangdata.com.cn/Periodical-xdyfyx.aspx
979,xdzx,http://c.wanfangdata.com.cn/Periodical-xdzx.aspx
980,xdzxxjy,http://c.wanfangdata.com.cn/Periodical-xdzxxjy.aspx
981,xjgy,http://c.wanfangdata.com.cn/Periodical-xjgy.aspx
982,xfkxyjs,http://c.wanfangdata.com.cn/Periodical-xfkxyjs.aspx
983,xfjj,http://c.wanfangdata.com.cn/Periodical-xfjj.aspx
984,xsj,http://c.wanfangdata.com.cn/Periodical-xsj.aspx
985,xspl,http://c.wanfangdata.com.cn/Periodical-xspl.aspx
986,xxwxjsjxt,http://c.wanfangdata.com.cn/Periodical-xxwxjsjxt.aspx
987,xlfzyjy,http://c.wanfangdata.com.cn/Periodical-xlfzyjy.aspx
988,xlkx,http://c.wanfangdata.com.cn/Periodical-xlkx.aspx
989,xlxb,http://c.wanfangdata.com.cn/Periodical-xlxb.aspx
990,xjdz,http://c.wanfangdata.com.cn/Periodical-xjdz.aspx
991,xjnykx,http://c.wanfangdata.com.cn/Periodical-xjnykx.aspx
992,xjsfdxxb-zxshkxb,http://c.wanfangdata.com.cn/Periodical-xjsfdxxb-zxshkxb.aspx
993,xjsydz,http://c.wanfangdata.com.cn/Periodical-xjsydz.aspx
994,xjr,http://c.wanfangdata.com.cn/Periodical-xjr.aspx
995,xms,http://c.wanfangdata.com.cn/Periodical-xms.aspx
996,xsy,http://c.wanfangdata.com.cn/Periodical-xsy.aspx
997,xwdx,http://c.wanfangdata.com.cn/Periodical-xwdx.aspx
998,xwjz,http://c.wanfangdata.com.cn/Periodical-xwjz.aspx
999,xwj,http://c.wanfangdata.com.cn/Periodical-xwj.aspx
1000,xwyxz,http://c.wanfangdata.com.cn/Periodical-xwyxz.aspx
1001,xwzs,http://c.wanfangdata.com.cn/Periodical-xwzs.aspx
1002,xhcl,http://c.wanfangdata.com.cn/Periodical-xhcl.aspx
1003,xxykz,http://c.wanfangdata.com.cn/Periodical-xxykz.aspx
1004,xzfxyj,http://c.wanfangdata.com.cn/Periodical-xzfxyj.aspx
1005,xmsyxb,http://c.wanfangdata.com.cn/Periodical-xmsyxb.aspx
1006,xmysy,http://c.wanfangdata.com.cn/Periodical-xmysy.aspx
1007,xqjyyj,http://c.wanfangdata.com.cn/Periodical-xqjyyj.aspx
1008,xsjl,http://c.wanfangdata.com.cn/Periodical-xsjl.aspx
1009,xsj,http://c.wanfangdata.com.cn/Periodical-xsj.aspx
1010,xsyj,http://c.wanfangdata.com.cn/Periodical-xsyj.aspx
1011,xwyyjsjy,http://c.wanfangdata.com.cn/Periodical-xwyyjsjy.aspx
1012,xxdjysxjy,http://c.wanfangdata.com.cn/Periodical-xxdjysxjy.aspx
1013,ydysg,http://c.wanfangdata.com.cn/Periodical-ydysg.aspx
1014,ytysyzbxzz,http://c.wanfangdata.com.cn/Periodical-ytysyzbxzz.aspx
1015,yckj,http://c.wanfangdata.com.cn/Periodical-yckj.aspx
1016,ysdxxb-zxshkxb,http://c.wanfangdata.com.cn/Periodical-ysdxxb-zxshkxb.aspx
1017,ykcs,http://c.wanfangdata.com.cn/Periodical-ykcs.aspx
1018,yskwxzz,http://c.wanfangdata.com.cn/Periodical-yskwxzz.aspx
1019,yslxygcxb,http://c.wanfangdata.com.cn/Periodical-yslxygcxb.aspx
1020,ytgcxb,http://c.wanfangdata.com.cn/Periodical-ytgcxb.aspx
1021,ytlx,http://c.wanfangdata.com.cn/Periodical-ytlx.aspx
1022,yjyfzgl,http://c.wanfangdata.com.cn/Periodical-yjyfzgl.aspx
1023,ykxjz,http://c.wanfangdata.com.cn/Periodical-ykxjz.aspx
1024,ygjsyyy,http://c.wanfangdata.com.cn/Periodical-ygjsyyy.aspx
1025,ygxb,http://c.wanfangdata.com.cn/Periodical-ygxb.aspx
1026,yxxb,http://c.wanfangdata.com.cn/Periodical-yxxb.aspx
1027,yjfx,http://c.wanfangdata.com.cn/Periodical-yjfx.aspx
1028,yjzdh,http://c.wanfangdata.com.cn/Periodical-yjzdh.aspx
1029,yjyxs,http://c.wanfangdata.com.cn/Periodical-yjyxs.aspx
1030,yyyqd,http://c.wanfangdata.com.cn/Periodical-yyyqd.aspx
1031,yxyjsxb,http://c.wanfangdata.com.cn/Periodical-yxyjsxb.aspx
1032,yydb,http://c.wanfangdata.com.cn/Periodical-yydb.aspx
1033,yyswlx,http://c.wanfangdata.com.cn/Periodical-yyswlx.aspx
1034,ybjsycgq,http://c.wanfangdata.com.cn/Periodical-ybjsycgq.aspx
1035,yc,http://c.wanfangdata.com.cn/Periodical-yc.aspx
1036,ysbj,http://c.wanfangdata.com.cn/Periodical-ysbj.aspx
1037,yspl,http://c.wanfangdata.com.cn/Periodical-yspl.aspx
1038,yr,http://c.wanfangdata.com.cn/Periodical-yr.aspx
1039,yrzj,http://c.wanfangdata.com.cn/Periodical-yrzj.aspx
1040,yygltj,http://c.wanfangdata.com.cn/Periodical-yygltj.aspx
1041,yygx,http://c.wanfangdata.com.cn/Periodical-yygx.aspx
1042,yyhx,http://c.wanfangdata.com.cn/Periodical-yyhx.aspx
1043,yyjcygckxxb,http://c.wanfangdata.com.cn/Periodical-yyjcygckxxb.aspx
1044,yyjg,http://c.wanfangdata.com.cn/Periodical-yyjg.aspx
1045,yykxxb,http://c.wanfangdata.com.cn/Periodical-yykxxb.aspx
1046,yylxxb,http://c.wanfangdata.com.cn/Periodical-yylxxb.aspx
1047,yyqxxb,http://c.wanfangdata.com.cn/Periodical-yyqxxb.aspx
1048,yysx,http://c.wanfangdata.com.cn/Periodical-yysx.aspx
1049,yysx,http://c.wanfangdata.com.cn/Periodical-yysx.aspx
1050,yysxhlx,http://c.wanfangdata.com.cn/Periodical-yysxhlx.aspx
1051,yysxxb,http://c.wanfangdata.com.cn/Periodical-yysxxb.aspx
1052,yyyhjswxb,http://c.wanfangdata.com.cn/Periodical-yyyhjswxb.aspx
1053,yyxb,http://c.wanfangdata.com.cn/Periodical-yyxb.aspx
1054,yqdzycsl,http://c.wanfangdata.com.cn/Periodical-yqdzycsl.aspx
1055,yqtdmgc,http://c.wanfangdata.com.cn/Periodical-yqtdmgc.aspx
1056,ythx,http://c.wanfangdata.com.cn/Periodical-ythx.aspx
1057,yjhx,http://c.wanfangdata.com.cn/Periodical-yjhx.aspx
1058,yyxdh,http://c.wanfangdata.com.cn/Periodical-yyxdh.aspx
1059,yhclgy,http://c.wanfangdata.com.cn/Periodical-yhclgy.aspx
1060,yhxb,http://c.wanfangdata.com.cn/Periodical-yhxb.aspx
1061,ywjs,http://c.wanfangdata.com.cn/Periodical-ywjs.aspx
1062,ywyj,http://c.wanfangdata.com.cn/Periodical-ywyj.aspx
1063,yyjxyyj,http://c.wanfangdata.com.cn/Periodical-yyjxyyj.aspx
1064,yykx,http://c.wanfangdata.com.cn/Periodical-yykx.aspx
1065,yywzyy,http://c.wanfangdata.com.cn/Periodical-yywzyy.aspx
1066,ymkx,http://c.wanfangdata.com.cn/Periodical-ymkx.aspx
1067,yc,http://c.wanfangdata.com.cn/Periodical-yc.aspx
1068,yyxb,http://c.wanfangdata.com.cn/Periodical-yyxb.aspx
1069,yzhwlpl,http://c.wanfangdata.com.cn/Periodical-yzhwlpl.aspx
1070,yznkxjs,http://c.wanfangdata.com.cn/Periodical-yznkxjs.aspx
1071,yzyfzwlxb,http://c.wanfangdata.com.cn/Periodical-yzyfzwlxb.aspx
1072,ynshkx,http://c.wanfangdata.com.cn/Periodical-ynshkx.aspx
1073,ynxzxyxb,http://c.wanfangdata.com.cn/Periodical-ynxzxyxb.aspx
1074,ycxxb,http://c.wanfangdata.com.cn/Periodical-ycxxb.aspx
1075,ycygl,http://c.wanfangdata.com.cn/Periodical-ycygl.aspx
1076,zjsd,http://c.wanfangdata.com.cn/Periodical-zjsd.aspx
1077,zhx,http://c.wanfangdata.com.cn/Periodical-zhx.aspx
1078,zzkxyjs,http://c.wanfangdata.com.cn/Periodical-zzkxyjs.aspx
1079,zjdxxb-yxb,http://c.wanfangdata.com.cn/Periodical-zjdxxb-yxb.aspx
1080,zjda,http://c.wanfangdata.com.cn/Periodical-zjda.aspx
1081,zjjr,http://c.wanfangdata.com.cn/Periodical-zjjr.aspx
1082,zjlykj,http://c.wanfangdata.com.cn/Periodical-zjlykj.aspx
1083,zjnyxb,http://c.wanfangdata.com.cn/Periodical-zjnyxb.aspx
1084,zjshkx,http://c.wanfangdata.com.cn/Periodical-zjshkx.aspx
1085,zjxk,http://c.wanfangdata.com.cn/Periodical-zjxk.aspx
1086,zcyj,http://c.wanfangdata.com.cn/Periodical-zcyj.aspx
1087,zzgy,http://c.wanfangdata.com.cn/Periodical-zzgy.aspx
1088,zdblxzz,http://c.wanfangdata.com.cn/Periodical-zdblxzz.aspx
1089,zdcsyzd,http://c.wanfangdata.com.cn/Periodical-zdcsyzd.aspx
1090,zdgcxb,http://c.wanfangdata.com.cn/Periodical-zdgcxb.aspx
1091,zdycj,http://c.wanfangdata.com.cn/Periodical-zdycj.aspx
1092,zqscdb,http://c.wanfangdata.com.cn/Periodical-zqscdb.aspx
1093,zzyfl,http://c.wanfangdata.com.cn/Periodical-zzyfl.aspx
1094,zscq,http://c.wanfangdata.com.cn/Periodical-zscq.aspx
1095,zyjsjy,http://c.wanfangdata.com.cn/Periodical-zyjsjy.aspx
1096,zwbh,http://c.wanfangdata.com.cn/Periodical-zwbh.aspx
1097,zwbhxb,http://c.wanfangdata.com.cn/Periodical-zwbhxb.aspx
1098,zwblxb,http://c.wanfangdata.com.cn/Periodical-zwblxb.aspx
1099,zwjy,http://c.wanfangdata.com.cn/Periodical-zwjy.aspx
1100,zwyj,http://c.wanfangdata.com.cn/Periodical-zwyj.aspx
1101,zwyczyxb,http://c.wanfangdata.com.cn/Periodical-zwyczyxb.aspx
1102,zwyyyflxb,http://c.wanfangdata.com.cn/Periodical-zwyyyflxb.aspx
1103,zwzyyhjxb,http://c.wanfangdata.com.cn/Periodical-zwzyyhjxb.aspx
1104,zhzz,http://c.wanfangdata.com.cn/Periodical-zhzz.aspx
1105,zlxb,http://c.wanfangdata.com.cn/Periodical-zlxb.aspx
1106,zzjsyjc,http://c.wanfangdata.com.cn/Periodical-zzjsyjc.aspx
1107,zzyzdh,http://c.wanfangdata.com.cn/Periodical-zzyzdh.aspx
1108,zpxb,http://c.wanfangdata.com.cn/Periodical-zpxb.aspx
1109,zcy,http://c.wanfangdata.com.cn/Periodical-zcy.aspx
1110,zcy,http://c.wanfangdata.com.cn/Periodical-zcy.aspx
1111,zfysjjbzz,http://c.wanfangdata.com.cn/Periodical-zfysjjbzz.aspx
1112,zgfjswdxxb,http://c.wanfangdata.com.cn/Periodical-zgfjswdxxb.aspx
1113,zgtjswdxxb,http://c.wanfangdata.com.cn/Periodical-zgtjswdxxb.aspx
1114,zgzjswdxxb,http://c.wanfangdata.com.cn/Periodical-zgzjswdxxb.aspx
1115,zgzydxxb,http://c.wanfangdata.com.cn/Periodical-zgzydxxb.aspx
1116,zgazzz,http://c.wanfangdata.com.cn/Periodical-zgazzz.aspx
1117,zgaqkxxb,http://c.wanfangdata.com.cn/Periodical-zgaqkxxb.aspx
1118,zgbjwx,http://c.wanfangdata.com.cn/Periodical-zgbjwx.aspx
1119,zgbjsdyj,http://c.wanfangdata.com.cn/Periodical-zgbjsdyj.aspx
1120,zgbmgc,http://c.wanfangdata.com.cn/Periodical-zgbmgc.aspx
1121,zgblslzz,http://c.wanfangdata.com.cn/Periodical-zgblslzz.aspx
1122,zgcz,http://c.wanfangdata.com.cn/Periodical-zgcz.aspx
1123,zgcsyxzz,http://c.wanfangdata.com.cn/Periodical-zgcsyxzz.aspx
1124,zgcrjy,http://c.wanfangdata.com.cn/Periodical-zgcrjy.aspx
1125,zgcb,http://c.wanfangdata.com.cn/Periodical-zgcb.aspx
1126,zgdxjx,http://c.wanfangdata.com.cn/Periodical-zgdxjx.aspx
1127,zgddekzz,http://c.wanfangdata.com.cn/Periodical-zgddekzz.aspx
1128,zgdj,http://c.wanfangdata.com.cn/Periodical-zgdj.aspx
1129,zgdfbxzz,http://c.wanfangdata.com.cn/Periodical-zgdfbxzz.aspx
1130,zgdz,http://c.wanfangdata.com.cn/Periodical-zgdz.aspx
1131,zgdz,http://c.wanfangdata.com.cn/Periodical-zgdz.aspx
1132,zgdjywh,http://c.wanfangdata.com.cn/Periodical-zgdjywh.aspx
1133,zgdhjy,http://c.wanfangdata.com.cn/Periodical-zgdhjy.aspx
1134,zgdjgcxb,http://c.wanfangdata.com.cn/Periodical-zgdjgcxb.aspx
1135,zgdl,http://c.wanfangdata.com.cn/Periodical-zgdl.aspx
1136,zgds,http://c.wanfangdata.com.cn/Periodical-zgds.aspx
1137,zgdmyhzz,http://c.wanfangdata.com.cn/Periodical-zgdmyhzz.aspx
1138,zgetbjzz,http://c.wanfangdata.com.cn/Periodical-zgetbjzz.aspx
1139,zgfx,http://c.wanfangdata.com.cn/Periodical-zgfx.aspx
1140,zgfazz,http://c.wanfangdata.com.cn/Periodical-zgfazz.aspx
1141,zgftjs,http://c.wanfangdata.com.cn/Periodical-zgftjs.aspx
1142,zgfsyfhxb,http://c.wanfangdata.com.cn/Periodical-zgfsyfhxb.aspx
1143,zgfybj,http://c.wanfangdata.com.cn/Periodical-zgfybj.aspx
1144,zggckx,http://c.wanfangdata.com.cn/Periodical-zggckx.aspx
1145,zggyjj,http://c.wanfangdata.com.cn/Periodical-zggyjj.aspx
1146,zggyyxzz,http://c.wanfangdata.com.cn/Periodical-zggyyxzz.aspx
1147,zgggws,http://c.wanfangdata.com.cn/Periodical-zgggws.aspx
1148,zgglxb,http://c.wanfangdata.com.cn/Periodical-zgglxb.aspx
1149,zggzsszz,http://c.wanfangdata.com.cn/Periodical-zggzsszz.aspx
1150,zgglkx,http://c.wanfangdata.com.cn/Periodical-zgglkx.aspx
1151,zggxjsxb,http://c.wanfangdata.com.cn/Periodical-zggxjsxb.aspx
1152,zggbdsxk,http://c.wanfangdata.com.cn/Periodical-zggbdsxk.aspx
1153,zggs,http://c.wanfangdata.com.cn/Periodical-zggs.aspx
1154,zghyyw,http://c.wanfangdata.com.cn/Periodical-zghyyw.aspx
1155,zghh,http://c.wanfangdata.com.cn/Periodical-zghh.aspx
1156,zghjjc,http://c.wanfangdata.com.cn/Periodical-zghjjc.aspx
1157,zghjkx,http://c.wanfangdata.com.cn/Periodical-zghjkx.aspx
1158,zgjxgc,http://c.wanfangdata.com.cn/Periodical-zgjxgc.aspx
1159,zgjg,http://c.wanfangdata.com.cn/Periodical-zgjg.aspx
1160,zgjjyx,http://c.wanfangdata.com.cn/Periodical-zgjjyx.aspx
1161,zgjzjszz,http://c.wanfangdata.com.cn/Periodical-zgjzjszz.aspx
1162,zgjz,http://c.wanfangdata.com.cn/Periodical-zgjz.aspx
1163,zgjscxyjscbzz,http://c.wanfangdata.com.cn/Periodical-zgjscxyjscbzz.aspx
1164,zgjq,http://c.wanfangdata.com.cn/Periodical-zgjq.aspx
1165,zgjxwkzz,http://c.wanfangdata.com.cn/Periodical-zgjxwkzz.aspx
1166,zgjyxk,http://c.wanfangdata.com.cn/Periodical-zgjyxk.aspx
1167,zgjjsyj,http://c.wanfangdata.com.cn/Periodical-zgjjsyj.aspx
1168,zgkfllysj,http://c.wanfangdata.com.cn/Periodical-zgkfllysj.aspx
1169,zgkfyxzz,http://c.wanfangdata.com.cn/Periodical-zgkfyxzz.aspx
1170,zgksszz,http://c.wanfangdata.com.cn/Periodical-zgksszz.aspx
1171,zgkjfy,http://c.wanfangdata.com.cn/Periodical-zgkjfy.aspx
1172,zgkjlwzx,http://c.wanfangdata.com.cn/Periodical-zgkjlwzx.aspx
1173,zgkjqkyj,http://c.wanfangdata.com.cn/Periodical-zgkjqkyj.aspx
1174,zgkxjj,http://c.wanfangdata.com.cn/Periodical-zgkxjj.aspx
1175,zgkxjsdxxb,http://c.wanfangdata.com.cn/Periodical-zgkxjsdxxb.aspx
1176,zgkxyyjsyxb,http://c.wanfangdata.com.cn/Periodical-zgkxyyjsyxb.aspx
1177,zgkjkxjs,http://c.wanfangdata.com.cn/Periodical-zgkjkxjs.aspx
1178,zgky,http://c.wanfangdata.com.cn/Periodical-zgky.aspx
1179,zgkydxxb,http://c.wanfangdata.com.cn/Periodical-zgkydxxb.aspx
1180,zgld,http://c.wanfangdata.com.cn/Periodical-zgld.aspx
1181,zglnxzz,http://c.wanfangdata.com.cn/Periodical-zglnxzz.aspx
1182,zglsdllc,http://c.wanfangdata.com.cn/Periodical-zglsdllc.aspx
1183,zglyxb,http://c.wanfangdata.com.cn/Periodical-zglyxb.aspx
1184,zglcjpxzz,http://c.wanfangdata.com.cn/Periodical-zglcjpxzz.aspx
1185,zglcxlxzz,http://c.wanfangdata.com.cn/Periodical-zglcxlxzz.aspx
1186,zglcylxzz,http://c.wanfangdata.com.cn/Periodical-zglcylxzz.aspx
1187,zgltjj,http://c.wanfangdata.com.cn/Periodical-zgltjj.aspx
1188,zgmyxzz,http://c.wanfangdata.com.cn/Periodical-zgmyxzz.aspx
1189,zgnkxzz,http://c.wanfangdata.com.cn/Periodical-zgnkxzz.aspx
1190,zgnfgs,http://c.wanfangdata.com.cn/Periodical-zgnfgs.aspx
1191,zgnbsj,http://c.wanfangdata.com.cn/Periodical-zgnbsj.aspx
1192,zgnjzz,http://c.wanfangdata.com.cn/Periodical-zgnjzz.aspx
1193,zgncslsd,http://c.wanfangdata.com.cn/Periodical-zgncslsd.aspx
1194,zgnjh,http://c.wanfangdata.com.cn/Periodical-zgnjh.aspx
1195,zgns,http://c.wanfangdata.com.cn/Periodical-zgns.aspx
1196,zgnydxxb,http://c.wanfangdata.com.cn/Periodical-zgnydxxb.aspx
1197,zgnykjdb,http://c.wanfangdata.com.cn/Periodical-zgnykjdb.aspx
1198,zgnykx,http://c.wanfangdata.com.cn/Periodical-zgnykx.aspx
1199,zgnyqx,http://c.wanfangdata.com.cn/Periodical-zgnyqx.aspx
1200,zgnyzyyqh,http://c.wanfangdata.com.cn/Periodical-zgnyzyyqh.aspx
1201,zgpfxbxzz,http://c.wanfangdata.com.cn/Periodical-zgpfxbxzz.aspx
1202,zgpg,http://c.wanfangdata.com.cn/Periodical-zgpg.aspx
1203,zgptwkzz,http://c.wanfangdata.com.cn/Periodical-zgptwkzz.aspx
1204,zgqnyj,http://c.wanfangdata.com.cn/Periodical-zgqnyj.aspx
1205,zgqnzzxyxb,http://c.wanfangdata.com.cn/Periodical-zgqnzzxyxb.aspx
1206,zgqkyx,http://c.wanfangdata.com.cn/Periodical-zgqkyx.aspx
1207,zgrc,http://c.wanfangdata.com.cn/Periodical-zgrc.aspx
1208,zgrkzyyhj,http://c.wanfangdata.com.cn/Periodical-zgrkzyyhj.aspx
1209,zgrkkx,http://c.wanfangdata.com.cn/Periodical-zgrkkx.aspx
1210,zgrlzykf,http://c.wanfangdata.com.cn/Periodical-zgrlzykf.aspx
1211,zgrmdxxb,http://c.wanfangdata.com.cn/Periodical-zgrmdxxb.aspx
1212,zgrpgy,http://c.wanfangdata.com.cn/Periodical-zgrpgy.aspx
1213,zgrkx,http://c.wanfangdata.com.cn/Periodical-zgrkx.aspx
1214,zgsm,http://c.wanfangdata.com.cn/Periodical-zgsm.aspx
1215,zgshjjsyj,http://c.wanfangdata.com.cn/Periodical-zgshjjsyj.aspx
1216,zgsjjsjbzz,http://c.wanfangdata.com.cn/Periodical-zgsjjsjbzz.aspx
1217,zgsj,http://c.wanfangdata.com.cn/Periodical-zgsj.aspx
1218,zgshywzz,http://c.wanfangdata.com.cn/Periodical-zgshywzz.aspx
1219,zgswhxyfzswxb,http://c.wanfangdata.com.cn/Periodical-zgswhxyfzswxb.aspx
1220,zgswyxgcxb,http://c.wanfangdata.com.cn/Periodical-zgswyxgcxb.aspx
1221,zgsyfjxzz,http://c.wanfangdata.com.cn/Periodical-zgsyfjxzz.aspx
1222,zgsyxyxzz,http://c.wanfangdata.com.cn/Periodical-zgsyxyxzz.aspx
1223,zgsyekzz,http://c.wanfangdata.com.cn/Periodical-zgsyekzz.aspx
1224,zgsyfkyckzz,http://c.wanfangdata.com.cn/Periodical-zgsyfkyckzz.aspx
1225,zgsynkzz,http://c.wanfangdata.com.cn/Periodical-zgsynkzz.aspx
1226,zgsywkzz,http://c.wanfangdata.com.cn/Periodical-zgsywkzz.aspx
1227,zgsyykzz,http://c.wanfangdata.com.cn/Periodical-zgsyykzz.aspx
1228,zgsptjj,http://c.wanfangdata.com.cn/Periodical-zgsptjj.aspx
1229,zgspwszz,http://c.wanfangdata.com.cn/Periodical-zgspwszz.aspx
1230,zgspxb,http://c.wanfangdata.com.cn/Periodical-zgspxb.aspx
1231,zgsyj,http://c.wanfangdata.com.cn/Periodical-zgsyj.aspx
1232,zgsyxb,http://c.wanfangdata.com.cn/Periodical-zgsyxb.aspx
1233,zgsyzz,http://c.wanfangdata.com.cn/Periodical-zgsyzz.aspx
1234,zgsf,http://c.wanfangdata.com.cn/Periodical-zgsf.aspx
1235,zgsxzz,http://c.wanfangdata.com.cn/Periodical-zgsxzz.aspx
1236,zgsc,http://c.wanfangdata.com.cn/Periodical-zgsc.aspx
1237,zgsckx,http://c.wanfangdata.com.cn/Periodical-zgsckx.aspx
1238,zgsdkx,http://c.wanfangdata.com.cn/Periodical-zgsdkx.aspx
1239,zgsl,http://c.wanfangdata.com.cn/Periodical-zgsl.aspx
1240,zgsl,http://c.wanfangdata.com.cn/Periodical-zgsl.aspx
1241,zgtnbzz,http://c.wanfangdata.com.cn/Periodical-zgtnbzz.aspx
1242,zgtc,http://c.wanfangdata.com.cn/Periodical-zgtc.aspx
1243,zgtsshzyyj,http://c.wanfangdata.com.cn/Periodical-zgtsshzyyj.aspx
1244,zgtsjy,http://c.wanfangdata.com.cn/Periodical-zgtsjy.aspx
1245,zgttyxzz,http://c.wanfangdata.com.cn/Periodical-zgttyxzz.aspx
1246,zgtykj,http://c.wanfangdata.com.cn/Periodical-zgtykj.aspx
1247,zgtdkx,http://c.wanfangdata.com.cn/Periodical-zgtdkx.aspx
1248,zgtj,http://c.wanfangdata.com.cn/Periodical-zgtj.aspx
1249,zgtsgxb,http://c.wanfangdata.com.cn/Periodical-zgtsgxb.aspx
1250,zgtd,http://c.wanfangdata.com.cn/Periodical-zgtd.aspx
1251,zgtdkx,http://c.wanfangdata.com.cn/Periodical-zgtdkx.aspx
1252,zgwy,http://c.wanfangdata.com.cn/Periodical-zgwy.aspx
1253,zgwzbjjyx,http://c.wanfangdata.com.cn/Periodical-zgwzbjjyx.aspx
1254,zgwsjyzz,http://c.wanfangdata.com.cn/Periodical-zgwsjyzz.aspx
1255,zgwsjj,http://c.wanfangdata.com.cn/Periodical-zgwsjj.aspx
1256,zgwssygl,http://c.wanfangdata.com.cn/Periodical-zgwssygl.aspx
1257,zgwstj,http://c.wanfangdata.com.cn/Periodical-zgwstj.aspx
1258,zgwhyj,http://c.wanfangdata.com.cn/Periodical-zgwhyj.aspx
1259,zgwxyj,http://c.wanfangdata.com.cn/Periodical-zgwxyj.aspx
1260,zgxtxb,http://c.wanfangdata.com.cn/Periodical-zgxtxb.aspx
1261,zgxj,http://c.wanfangdata.com.cn/Periodical-zgxj.aspx
1262,zgxdwxyjck,http://c.wanfangdata.com.cn/Periodical-zgxdwxyjck.aspx
1263,zgxdyxzz,http://c.wanfangdata.com.cn/Periodical-zgxdyxzz.aspx
1264,zgxdxzz,http://c.wanfangdata.com.cn/Periodical-zgxdxzz.aspx
1265,zgxlwszz,http://c.wanfangdata.com.cn/Periodical-zgxlwszz.aspx
1266,zgxyylczz,http://c.wanfangdata.com.cn/Periodical-zgxyylczz.aspx
1267,zgxyzz,http://c.wanfangdata.com.cn/Periodical-zgxyzz.aspx
1268,zgxsfzz,http://c.wanfangdata.com.cn/Periodical-zgxsfzz.aspx
1269,zgxzgl,http://c.wanfangdata.com.cn/Periodical-zgxzgl.aspx
1270,zgxmsy,http://c.wanfangdata.com.cn/Periodical-zgxmsy.aspx
1271,zgxmzz,http://c.wanfangdata.com.cn/Periodical-zgxmzz.aspx
1272,zgxxws,http://c.wanfangdata.com.cn/Periodical-zgxxws.aspx
1273,zgxhzz,http://c.wanfangdata.com.cn/Periodical-zgxhzz.aspx
1274,zgycxb,http://c.wanfangdata.com.cn/Periodical-zgycxb.aspx
1275,zgykdxxb,http://c.wanfangdata.com.cn/Periodical-zgykdxxb.aspx
1276,zgylxtb,http://c.wanfangdata.com.cn/Periodical-zgylxtb.aspx
1277,zgyxzz,http://c.wanfangdata.com.cn/Periodical-zgyxzz.aspx
1278,zgykdxxb,http://c.wanfangdata.com.cn/Periodical-zgykdxxb.aspx
1279,zgyxkxyxb,http://c.wanfangdata.com.cn/Periodical-zgyxkxyxb.aspx
1280,zgyxyxjs,http://c.wanfangdata.com.cn/Periodical-zgyxyxjs.aspx
1281,zgyxyxxzz,http://c.wanfangdata.com.cn/Periodical-zgyxyxxzz.aspx
1282,zgyl,http://c.wanfangdata.com.cn/Periodical-zgyl.aspx
1283,zgylzwxb,http://c.wanfangdata.com.cn/Periodical-zgylzwxb.aspx
1284,zgyz,http://c.wanfangdata.com.cn/Periodical-zgyz.aspx
1285,zgysjsxb,http://c.wanfangdata.com.cn/Periodical-zgysjsxb.aspx
1286,zgyfsyxb,http://c.wanfangdata.com.cn/Periodical-zgyfsyxb.aspx
1287,zgyl,http://c.wanfangdata.com.cn/Periodical-zgyl.aspx
1288,zgycjy,http://c.wanfangdata.com.cn/Periodical-zgycjy.aspx
1289,zgydyxzz,http://c.wanfangdata.com.cn/Periodical-zgydyxzz.aspx
1290,zgzc,http://c.wanfangdata.com.cn/Periodical-zgzc.aspx
1291,zgzz,http://c.wanfangdata.com.cn/Periodical-zgzz.aspx
1292,zgzzxb,http://c.wanfangdata.com.cn/Periodical-zgzzxb.aspx
1293,zgzq,http://c.wanfangdata.com.cn/Periodical-zgzq.aspx
1294,zgzxs,http://c.wanfangdata.com.cn/Periodical-zgzxs.aspx
1295,zgzz,http://c.wanfangdata.com.cn/Periodical-zgzz.aspx
1296,zgzyjsjy,http://c.wanfangdata.com.cn/Periodical-zgzyjsjy.aspx
1297,zgzyyx,http://c.wanfangdata.com.cn/Periodical-zgzyyx.aspx
1298,zgzxyjhjjzz,http://c.wanfangdata.com.cn/Periodical-zgzxyjhjjzz.aspx
1299,zgzyzz,http://c.wanfangdata.com.cn/Periodical-zgzyzz.aspx
1300,zgzllc,http://c.wanfangdata.com.cn/Periodical-zgzllc.aspx
1301,zgzlswzlzz,http://c.wanfangdata.com.cn/Periodical-zgzlswzlzz.aspx
1302,zgzj,http://c.wanfangdata.com.cn/Periodical-zgzj.aspx
1303,zgzj,http://c.wanfangdata.com.cn/Periodical-zgzj.aspx
1304,zhcrbzz,http://c.wanfangdata.com.cn/Periodical-zhcrbzz.aspx
1305,zhcsgkzz,http://c.wanfangdata.com.cn/Periodical-zhcsgkzz.aspx
1306,zhekxzz,http://c.wanfangdata.com.cn/Periodical-zhekxzz.aspx
1307,zhgzbzz,http://c.wanfangdata.com.cn/Periodical-zhgzbzz.aspx
1308,zhhlzz,http://c.wanfangdata.com.cn/Periodical-zhhlzz.aspx
1309,zhlnxnxgbzz,http://c.wanfangdata.com.cn/Periodical-zhlnxnxgbzz.aspx
1310,zhsszz,http://c.wanfangdata.com.cn/Periodical-zhsszz.aspx
1311,zhsjyxzz,http://c.wanfangdata.com.cn/Periodical-zhsjyxzz.aspx
1312,zhwcyxzz,http://c.wanfangdata.com.cn/Periodical-zhwcyxzz.aspx
1313,zhxhzz,http://c.wanfangdata.com.cn/Periodical-zhxhzz.aspx
1314,zhyxzz,http://c.wanfangdata.com.cn/Periodical-zhyxzz.aspx
1315,zhyygrxzz,http://c.wanfangdata.com.cn/Periodical-zhyygrxzz.aspx
1316,zncjzfdxxb,http://c.wanfangdata.com.cn/Periodical-zncjzfdxxb.aspx
1317,znmzdxxb-rwshkxb,http://c.wanfangdata.com.cn/Periodical-znmzdxxb-rwshkxb.aspx
1318,zsdxxb-shkxb,http://c.wanfangdata.com.cn/Periodical-zsdxxb-shkxb.aspx
1319,zwfx,http://c.wanfangdata.com.cn/Periodical-zwfx.aspx
1320,zwxxxb,http://c.wanfangdata.com.cn/Periodical-zwxxxb.aspx
1321,zxxgl,http://c.wanfangdata.com.cn/Periodical-zxxgl.aspx
1322,zxywjx,http://c.wanfangdata.com.cn/Periodical-zxywjx.aspx
1323,zycjdxxb,http://c.wanfangdata.com.cn/Periodical-zycjdxxb.aspx
1324,zyshzyxyxb,http://c.wanfangdata.com.cn/Periodical-zyshzyxyxb.aspx
1325,zyc,http://c.wanfangdata.com.cn/Periodical-zyc.aspx
1326,zyxyylcyl,http://c.wanfangdata.com.cn/Periodical-zyxyylcyl.aspx
1327,zyylylc,http://c.wanfangdata.com.cn/Periodical-zyylylc.aspx
1328,zyzz,http://c.wanfangdata.com.cn/Periodical-zyzz.aspx
1329,zyww,http://c.wanfangdata.com.cn/Periodical-zyww.aspx
1330,zzxk,http://c.wanfangdata.com.cn/Periodical-zzxk.aspx
1331,zs,http://c.wanfangdata.com.cn/Periodical-zs.aspx
1332,zl,http://c.wanfangdata.com.cn/Periodical-zl.aspx
1333,zlfzyj,http://c.wanfangdata.com.cn/Periodical-zlfzyj.aspx
1334,zz,http://c.wanfangdata.com.cn/Periodical-zz.aspx
1335,zyyj,http://c.wanfangdata.com.cn/Periodical-zyyj.aspx
1336,zc,http://c.wanfangdata.com.cn/Periodical-zc.aspx
1337,zzyjhk,http://c.wanfangdata.com.cn/Periodical-zzyjhk.aspx
1338,zz,http://c.wanfangdata.com.cn/Periodical-zz.aspx
1339,zzjs,http://c.wanfangdata.com.cn/Periodical-zzjs.aspx
1340,zs,http://c.wanfangdata.com.cn/Periodical-zs.aspx
1341,zykx,http://c.wanfangdata.com.cn/Periodical-zykx.aspx
1342,zdhxb,http://c.wanfangdata.com.cn/Periodical-zdhxb.aspx
1343,zdhyb,http://c.wanfangdata.com.cn/Periodical-zdhyb.aspx
1344,zdhyyb,http://c.wanfangdata.com.cn/Periodical-zdhyyb.aspx
1345,zrbzftx,http://c.wanfangdata.com.cn/Periodical-zrbzftx.aspx
1346,zrbzfyj,http://c.wanfangdata.com.cn/Periodical-zrbzfyj.aspx
1347,zrkxsyj,http://c.wanfangdata.com.cn/Periodical-zrkxsyj.aspx
1348,zrzz,http://c.wanfangdata.com.cn/Periodical-zrzz.aspx
1349,zrzhxb,http://c.wanfangdata.com.cn/Periodical-zrzhxb.aspx
1350,zrzyxb,http://c.wanfangdata.com.cn/Periodical-zrzyxb.aspx
1351,zjxyj,http://c.wanfangdata.com.cn/Periodical-zjxyj.aspx
1352,zcgy,http://c.wanfangdata.com.cn/Periodical-zcgy.aspx
1353,zjyywjy,http://c.wanfangdata.com.cn/Periodical-zjyywjy.aspx
1354,zwxb,http://c.wanfangdata.com.cn/Periodical-zwxb.aspx
1355,zwzz,http://c.wanfangdata.com.cn/Periodical-zwzz.aspx
